rank,release_date,title,url,production_cost,domestic_gross,worldwide_gross,opening_weekend,mpaa,genre,theaters,runtime,year,percentage_domestic,percentage_worldwide
1,23/4/2019,Avengers: Endgame,/movie/Avengers-Endgame-(2019)#tab=summary,400000000,858373000,2797800564,357115007,PG-13,Action,4662,181,2019,214.59325,699.450141
2,20/5/2011,Pirates of the Caribbean: On Stranger Tides,/movie/Pirates-of-the-Caribbean-On-Stranger-Tides#tab=summary,379000000,241071802,1045713802,90151958,PG-13,Adventure,4164,136,2011,63.60733562,275.9139319
3,22/4/2015,Avengers: Age of Ultron,/movie/Avengers-Age-of-Ultron#tab=summary,365000000,459005868,1395316979,191271109,PG-13,Action,4276,141,2015,125.7550323,382.2786244
4,16/12/2015,Star Wars Ep. VII: The Force Awakens,/movie/Star-Wars-Ep-VII-The-Force-Awakens#tab=summary,306000000,936662225,2064615817,247966675,PG-13,Adventure,4134,136,2015,306.0987663,674.7110513
5,25/4/2018,Avengers: Infinity War,/movie/Avengers-Infinity-War#tab=summary,300000000,678815482,2048359754,257698183,PG-13,Action,4474,156,2018,226.2718273,682.7865847
6,24/5/2007,Pirates of the Caribbean: At World’s End,/movie/Pirates-of-the-Caribbean-At-Worlds-End#tab=summary,300000000,309420425,960996492,114732820,PG-13,Adventure,4362,167,2007,103.1401417,320.332164
7,13/11/2017,Justice League,/movie/Justice-League-(2017)#tab=summary,300000000,229024295,655945209,93842239,PG-13,Action,4051,121,2017,76.34143167,218.648403
8,6/10/2015,Spectre,/movie/Spectre#tab=summary,300000000,200074175,879500760,70403148,PG-13,Action,3929,148,2015,66.69139167,293.16692
9,11/7/2023,Mission: Impossible Dead Reckoning Part One,/movie/Mission-Impossible-Dead-Reckoning-Part-One-(2023)#tab=summary,290000000,0,0,NA,NA,Action,NA,NA,2023,0,0
10,18/12/2019,Star Wars: The Rise of Skywalker,/movie/Star-Wars-The-Rise-of-Skywalker-(2019)#tab=summary,275000000,515202542,1072848487,177383864,PG-13,Adventure,4406,142,2019,187.3463789,390.1267225
11,23/5/2018,Solo: A Star Wars Story,/movie/Solo-A-Star-Wars-Story#tab=summary,275000000,213767512,393151347,84420489,PG-13,Adventure,4381,135,2018,77.73364073,142.9641262
12,7/3/2012,John Carter,/movie/John-Carter-of-Mars#tab=summary,263700000,73058679,282778100,30180188,PG-13,Adventure,3749,132,2012,27.70522526,107.2347744
13,23/3/2016,Batman v Superman: Dawn of Justice,/movie/Batman-v-Superman-Dawn-of-Justice#tab=summary,263000000,330360194,872395091,166007347,PG-13,Action,4256,151,2016,125.6122411,331.7091601
14,13/12/2017,Star Wars Ep. VIII: The Last Jedi,/movie/Star-Wars-Ep-VIII-The-Last-Jedi#tab=summary,262000000,620181382,1331635141,220009584,PG-13,Adventure,4232,150,2017,236.7104511,508.2576874
15,11/7/2019,The Lion King,/movie/Lion-King-The-(Live-Action)-(2019)#tab=summary,260000000,543638043,1647778651,191770759,PG,Adventure,4802,118,2019,209.091555,633.7610196
16,24/11/2010,Tangled,/movie/Tangled#tab=summary,260000000,200821936,583777242,48767052,PG,Musical,3603,101,2010,77.23920615,224.5297085
17,4/5/2007,Spider-Man 3,/movie/Spider-Man-3#tab=summary,258000000,336530303,894860230,151116516,PG-13,Adventure,4324,139,2007,130.4381019,346.8450504
18,22/4/2016,Captain America: Civil War,/movie/Captain-America-Civil-War#tab=summary,250000000,408084349,1151918521,179139142,PG-13,Action,4226,146,2016,163.2337396,460.7674084
19,1/7/2022,Thor: Love and Thunder,/movie/Thor-Love-and-Thunder-(2022)#tab=summary,250000000,343256830,745453552,144165107,PG-13,Action,4375,119,2022,137.302732,298.1814208
20,15/7/2009,Harry Potter and the Half-Blood Prince,/movie/Harry-Potter-and-the-Half-Blood-Prince#tab=summary,250000000,302089278,929411069,77835727,PG,Adventure,4455,153,2009,120.8357112,371.7644276
21,12/12/2013,The Hobbit: The Desolation of Smaug,/movie/Hobbit-The-Desolation-of-Smaug-The#tab=summary,250000000,258241522,959358436,73645197,PG-13,Adventure,3928,201,2013,103.2966088,383.7433744
22,10/12/2014,The Hobbit: The Battle of the Five Armies,/movie/Hobbit-The-Battle-of-the-Five-Armies-The#tab=summary,250000000,255119788,940389558,54724334,PG-13,Adventure,3875,144,2014,102.0479152,376.1558232
23,7/4/2017,The Fate of the Furious,/movie/Fate-of-the-Furious-The#tab=summary,250000000,225764765,1236703796,98786705,PG-13,Action,4329,136,2017,90.305906,494.6815184
24,29/9/2021,No Time to Die,/movie/No-Time-to-Die-(2021)#tab=summary,250000000,160891007,760008036,55225007,PG-13,Action,4407,163,2021,64.3564028,304.0032144
25,17/12/2009,Avatar,/movie/Avatar#tab=summary,237000000,785221649,2910370905,77025481,PG-13,Action,3461,162,2009,331.3171515,1228.004601
26,28/6/2006,Superman Returns,/movie/Superman-Returns#tab=summary,232000000,200120000,391081192,52535096,PG-13,Adventure,4065,150,2006,86.25862069,168.5694793
27,19/7/2012,The Dark Knight Rises,/movie/Dark-Knight-Rises-The#tab=summary,230000000,448139099,1082228107,160887295,PG-13,Action,4404,164,2012,194.8430865,470.5339596
28,23/5/2017,Pirates of the Caribbean: Dead Men Tell No Tales,/movie/Pirates-of-the-Caribbean-Dead-Men-Tell-No-Tales#tab=summary,230000000,172558876,794861794,62983253,PG-13,Adventure,4276,135,2017,75.02559826,345.5920843
29,14/11/2008,Quantum of Solace,/movie/Quantum-of-Solace#tab=summary,230000000,169368427,591692078,67528882,PG-13,Action,3501,106,2008,73.63844652,257.2574252
30,25/4/2012,The Avengers,/movie/Avengers-The-(2012)#tab=summary,225000000,623357910,1515100211,207438708,PG-13,Action,4349,143,2012,277.04796,673.3778716
31,6/7/2006,Pirates of the Caribbean: Dead Man’s Chest,/movie/Pirates-of-the-Caribbean-Dead-Mans-Chest#tab=summary,225000000,423315812,1066179725,135634554,PG-13,Adventure,4133,151,2006,188.1403609,473.8576556
32,14/6/2013,Man of Steel,/movie/Man-of-Steel#tab=summary,225000000,291045518,667999518,116619362,PG-13,Action,4207,142,2013,129.3535636,296.8886747
33,16/5/2008,The Chronicles of Narnia: Prince Caspian,/movie/Chronicles-of-Narnia-Prince-Caspian-The#tab=summary,225000000,141621490,417341288,55034805,PG,Adventure,3929,144,2008,62.94288444,185.4850169
34,2/7/2013,The Lone Ranger,/movie/Lone-Ranger-The#tab=summary,225000000,89302115,260002115,29210849,PG-13,Western,3904,149,2013,39.68982889,115.5564956
35,27/6/2012,The Amazing Spider-Man,/movie/Amazing-Spider-Man-The#tab=summary,220000000,262030663,757890267,62004688,PG-13,Adventure,4318,136,2012,119.1048468,344.4955759
36,11/4/2012,Battleship,/movie/Battleship#tab=summary,220000000,65233400,313477717,25534825,PG-13,Action,3702,130,2012,29.65154545,142.4898714
37,20/6/2017,Transformers: The Last Knight,/movie/Transformers-The-Last-Knight#tab=summary,217000000,130168683,602893340,44680073,PG-13,Action,4132,148,2017,59.9855682,277.8310323
38,9/6/2015,Jurassic World,/movie/Jurassic-World#tab=summary,215000000,652306625,1669979967,208806270,PG-13,Action,4291,124,2015,303.3984302,776.7348684
39,23/5/2012,Men in Black 3,/movie/Men-in-Black-3#tab=summary,215000000,179020854,654213485,54592779,PG-13,Adventure,4248,104,2012,83.26551349,304.2853419
40,24/6/2009,Transformers: Revenge of the Fallen,/movie/Transformers-Revenge-of-the-Fallen#tab=summary,210000000,402111870,836519699,108966307,PG-13,Action,4293,149,2009,191.4818429,398.3427138
41,25/6/2014,Transformers: Age of Extinction,/movie/Transformers-Age-of-Extinction#tab=summary,210000000,245439076,1104054072,100038390,PG-13,Action,4233,165,2014,116.8757505,525.7400343
42,26/5/2006,X-Men: The Last Stand,/movie/X-Men-The-Last-Stand#tab=summary,210000000,234362462,459260946,102750665,PG-13,Action,3714,104,2006,111.6011724,218.6956886
43,14/5/2010,Robin Hood,/movie/Robin-Hood-(2010)#tab=summary,210000000,105487148,322459006,36063385,PG-13,Action,3505,139,2010,50.23197524,153.5519076
44,14/12/2005,King Kong,/movie/King-Kong-(2005)#tab=summary,207000000,218080025,550517357,50130145,PG-13,Adventure,3627,189,2005,105.3526691,265.950414
45,7/12/2007,The Golden Compass,/movie/His-Dark-Materials-The-Golden-Compass#tab=summary,205000000,70107728,367262558,25783232,PG-13,Adventure,3528,113,2007,34.19889171,179.1524673
46,26/8/2020,Tenet,/movie/Tenet-(2020)#tab=summary,205000000,58504105,362450957,20001852,PG-13,Action,2930,110,2020,28.5385878,176.8053449
47,14/12/2021,Spider-Man: No Way Home,/movie/Spider-Man-No-Way-Home-(2021)#tab=summary,200000000,814108407,1912775610,260138569,PG-13,Action,4336,148,2021,407.0542035,956.387805
48,13/2/2018,Black Panther,/movie/Black-Panther#tab=summary,200000000,700059566,1336494321,202003951,PG-13,Action,4084,120,2018,350.029783,668.2471605
49,18/12/1997,Titanic,/movie/Titanic-(1997)#tab=summary,200000000,659363944,2207986545,28638131,PG-13,Drama,3265,194,1997,329.681972,1103.993273
50,15/6/2018,Incredibles 2,/movie/Incredibles-2#tab=summary,200000000,608581744,1242805359,182687905,PG,Adventure,4413,118,2018,304.290872,621.4026795
51,14/12/2016,Rogue One: A Star Wars Story,/movie/Rogue-One-A-Star-Wars-Story#tab=summary,200000000,533539991,1055083596,155081681,PG-13,Adventure,4157,134,2016,266.7699955,527.541798
52,16/6/2016,Finding Dory,/movie/Finding-Dory#tab=summary,200000000,486295561,1025006125,135060273,PG,Adventure,4305,103,2016,243.1477805,512.5030625
53,20/6/2019,Toy Story 4,/movie/Toy-Story-4-(2019)#tab=summary,200000000,434038008,1073080329,120908065,G,Adventure,4575,89,2019,217.019004,536.5401645
54,18/6/2010,Toy Story 3,/movie/Toy-Story-3#tab=summary,200000000,415004880,1068879522,110307189,G,Adventure,4028,102,2010,207.50244,534.439761
55,4/5/2022,Doctor Strange in the Multiverse of Madness,/movie/Doctor-Strange-in-the-Multiverse-of-Madness-(2022)#tab=summary,200000000,411331607,952224986,187420998,PG-13,Action,4534,126,2022,205.6658035,476.112493
56,24/4/2013,Iron Man 3,/movie/Iron-Man-3#tab=summary,200000000,408992272,1215392272,174144585,PG-13,Action,4253,130,2013,204.496136,607.696136
57,28/4/2017,Guardians of the Galaxy Vol 2,/movie/Guardians-of-the-Galaxy-Vol-2#tab=summary,200000000,389813101,869113101,146510104,PG-13,Action,4347,136,2017,194.9065505,434.5565505
58,30/6/2004,Spider-Man 2,/movie/Spider-Man-2#tab=summary,200000000,373524485,794697557,88156227,PG-13,Adventure,4166,127,2004,186.7622425,397.3487785
59,1/3/2022,The Batman,/movie/Batman-The-(2021)#tab=summary,200000000,369345583,767820302,134008624,PG-13,Action,4417,175,2022,184.6727915,383.910151
60,4/3/2010,Alice in Wonderland,/movie/Alice-in-Wonderland-(2010)#tab=summary,200000000,334191110,1025491110,116101023,PG,Adventure,3739,108,2010,167.095555,512.745555
61,26/10/2012,Skyfall,/movie/Skyfall#tab=summary,200000000,304360277,1110526981,88364714,PG-13,Action,3526,143,2012,152.1801385,555.2634905
62,11/12/2012,The Hobbit: An Unexpected Journey,/movie/Hobbit-An-Unexpected-Journey-The#tab=summary,200000000,303003568,1014938545,84617303,PG-13,Adventure,4100,169,2012,151.501784,507.4692725
63,21/6/2013,Monsters University,/movie/Monsters-University#tab=summary,200000000,268488329,743455810,82429469,G,Adventure,4004,102,2013,134.2441645,371.727905
64,8/3/2013,Oz the Great and Powerful,/movie/Oz-The-Great-and-Powerful#tab=summary,200000000,234770996,490359051,79110453,PG,Adventure,3912,130,2013,117.385498,245.1795255
65,21/5/2014,X-Men: Days of Future Past,/movie/X-Men-Days-of-Future-Past#tab=summary,200000000,233921534,747862775,90823660,PG-13,Action,4001,131,2014,116.960767,373.9313875
66,16/4/2014,The Amazing Spider-Man 2,/movie/Amazing-Spider-Man-2-The#tab=summary,200000000,202853933,708996336,91608337,PG-13,Action,4324,141,2014,101.4269665,354.498168
67,23/6/2011,Cars 2,/movie/Cars-2#tab=summary,200000000,191450875,560155383,66135507,G,Adventure,4115,107,2011,95.7254375,280.0776915
68,7/7/2021,Black Widow,/movie/Black-Widow-(2021)#tab=summary,200000000,183651655,379751655,80366312,PG-13,Action,4275,133,2021,91.8258275,189.8758275
69,31/7/2019,Fast & Furious Presents: Hobbs & Shaw,/movie/Fast-and-Furious-Presents-Hobbs-and-Shaw-(2019)#tab=summary,200000000,173956935,760381706,60038950,PG-13,Action,4344,134,2019,86.9784675,380.190853
70,20/5/2021,F9: The Fast Saga,/movie/F9-The-Fast-Saga-(2021)#tab=summary,200000000,173005945,721077945,70043165,PG-13,Action,4203,145,2021,86.5029725,360.5389725
71,17/12/2010,Tron: Legacy,/movie/Tron-Legacy#tab=summary,200000000,172062763,399866199,44026211,PG,Adventure,3451,125,2010,86.0313815,199.9330995
72,12/11/2009,2012,/movie/2012#tab=summary,200000000,166112167,757677748,65237614,PG-13,Action,3444,158,2009,83.0560835,378.838874
73,3/11/2021,Eternals,/movie/Eternals-(2021)#tab=summary,200000000,164870264,402064929,71297219,PG-13,Action,4090,156,2021,82.435132,201.0324645
74,14/11/2018,Fantastic Beasts: The Crimes of Grindelwald,/movie/Fantastic-Beasts-The-Crimes-of-Grindelwald-(2018)#tab=summary,200000000,159555901,648455339,62163104,PG-13,Adventure,4163,134,2018,79.7779505,324.2276695
75,21/5/2009,Terminator Salvation,/movie/Terminator-Salvation#tab=summary,200000000,125322469,365491792,42558390,PG-13,Action,3602,116,2009,62.6612345,182.745896
76,15/6/2022,Lightyear,/movie/Lightyear-(2022)#tab=summary,200000000,118307188,218571346,50577961,PG,Adventure,4255,110,2022,59.153594,109.285673
77,28/7/2021,Jungle Cruise,/movie/Jungle-Cruise-(2021)#tab=summary,200000000,116987516,210384144,35018731,PG-13,Adventure,4310,90,2021,58.493758,105.192072
78,17/6/2011,Green Lantern,/movie/Green-Lantern-(2011)#tab=summary,200000000,116601172,219535492,53174303,PG-13,Action,3816,113,2011,58.300586,109.767746
79,6/4/2022,Fantastic Beasts: The Secrets of Dumbledore,/movie/Fantastic-Beasts-The-Secrets-of-Dumbledore-(2021)#tab=summary,200000000,95850844,404560146,42151256,PG-13,Adventure,4245,NA,2022,47.925422,202.280073
80,28/5/2010,Prince of Persia: Sands of Time,/movie/Prince-of-Persia-Sands-of-Time#tab=summary,200000000,90759676,336359676,30095259,PG-13,Action,3646,115,2010,45.379838,168.179838
81,5/6/2019,Dark Phoenix,/movie/Dark-Phoenix-(2019)#tab=summary,200000000,65845974,246356895,32828348,PG-13,Action,3721,114,2019,32.922987,123.1784475
82,28/2/2020,Onward,/movie/Onward-(2020)#tab=summary,200000000,61555145,133317030,39119861,PG,Adventure,4310,114,2020,30.7775725,66.658515
83,16/12/2020,Wonder Woman 1984,/movie/Wonder-Woman-1984-(2020)#tab=summary,200000000,46801036,166360232,16701957,PG-13,Action,2218,151,2020,23.400518,83.180116
84,4/9/2020,Mulan,/movie/Mulan-(2020)#tab=summary,200000000,0,69965374,NA,PG-13,Adventure,NA,115,2020,0,34.982687
85,2/7/2021,The Tomorrow War,/movie/Tomorrow-War-The#tab=summary,200000000,0,19220000,NA,PG-13,Action,NA,140,2021,0,9.61
86,13/7/2022,The Gray Man,/movie/Gray-Man-The-(2022)#tab=summary,200000000,0,451178,NA,PG-13,Thriller/Suspense,NA,129,2022,0,0.225589
87,29/6/2011,Transformers: Dark of the Moon,/movie/Transformers-Dark-of-the-Moon-(2011)#tab=summary,195000000,352390543,1123794079,97852865,PG-13,Action,4107,154,2011,180.713099,576.3046559
88,2/6/2017,The Mummy,/movie/Mummy-The-(2017)#tab=summary,195000000,80101125,409953905,31668375,PG-13,Adventure,4035,107,2017,41.0775,210.2327718
89,27/2/2013,Jack the Giant Slayer,/movie/Jack-the-Giant-Slayer#tab=summary,195000000,65187603,197687603,27202226,PG-13,Adventure,3525,113,2013,33.42954,101.3782579
90,1/4/2015,Furious 7,/movie/Furious-7#tab=summary,190000000,353007020,1514553486,147187040,PG-13,Action,4022,137,2015,185.7931684,797.1334137
91,16/5/2013,Star Trek Into Darkness,/movie/Star-Trek-Into-Darkness#tab=summary,190000000,228778661,467381584,70165559,PG-13,Adventure,3907,132,2013,120.4098216,245.9903074
92,19/6/2013,World War Z,/movie/World-War-Z#tab=summary,190000000,202706711,531861650,66411834,PG-13,Action,3607,115,2013,106.6877426,279.9271842
93,10/5/2013,The Great Gatsby,/movie/Great-Gatsby-The-(2011)#tab=summary,190000000,144840419,353640419,50085184,PG-13,Drama,3550,141,2013,76.23179947,186.1265363
94,6/11/2009,Disney’s A Christmas Carol,/movie/Disneys-A-Christmas-Carol#tab=summary,190000000,137855863,315709697,30051075,PG,Drama,3683,95,2009,72.55571737,166.1629984
95,11/7/2013,Pacific Rim,/movie/Pacific-Rim#tab=summary,190000000,101802906,411002906,37285325,PG-13,Action,3285,131,2013,53.58047684,216.3173189
96,16/12/2021,The Matrix Resurrections,/movie/Matrix-Resurrections-The-(2021)#tab=summary,190000000,37686805,156467817,10749011,R,Action,3552,148,2021,19.83516053,82.35148263
97,25/11/2015,The Good Dinosaur,/movie/Good-Dinosaur-The#tab=summary,187500000,123087120,333771037,39155217,PG,Adventure,3749,92,2015,65.646464,178.0112197
98,2/5/2008,Iron Man,/movie/Iron-Man#tab=summary,186000000,318604126,585171547,102118668,PG-13,Adventure,4154,126,2008,171.2925409,314.6083586
99,11/7/2008,The Dark Knight,/movie/Dark-Knight-The#tab=summary,185000000,533720947,998615789,158411483,PG-13,Action,4366,152,2008,288.4978092,539.7923184
100,22/5/2008,Indiana Jones and the Kingdom of the Crystal Skull,/movie/Indiana-Jones-and-the-Kingdom-of-the-Crystal-Skull#tab=summary,185000000,317101119,786635413,100137835,PG-13,Adventure,4264,123,2008,171.4060103,425.2083314
101,21/6/2012,Brave,/movie/Brave#tab=summary,185000000,237282182,554606532,66323594,PG,Adventure,4164,93,2012,128.2606389,299.7873146
102,23/2/2017,Kong: Skull Island,/movie/Kong-Skull-Island#tab=summary,185000000,168052812,561072059,61025472,PG-13,Adventure,3846,118,2017,90.83935784,303.2821941
103,21/7/2016,Star Trek Beyond,/movie/Star-Trek-Beyond#tab=summary,185000000,158848340,335673708,59253211,PG-13,Adventure,3928,122,2016,85.86396757,181.4452476
104,17/10/2019,Maleficent: Mistress of Evil,/movie/Maleficent-Mistress-of-Evil-(2019)#tab=summary,185000000,113929605,489346495,36948713,PG,Adventure,3820,118,2019,61.58357027,264.5116189
105,29/9/2017,Blade Runner 2049,/movie/Blade-Runner-2049#tab=summary,185000000,92054159,258829058,32753122,R,Thriller/Suspense,4058,164,2017,49.75900486,139.9075989
106,25/10/2019,Terminator: Dark Fate,/movie/Terminator-Dark-Fate-(2019)#tab=summary,185000000,62253077,250372367,29033832,R,Action,4086,128,2019,33.65031189,135.3364146
107,28/7/2021,The Suicide Squad,/movie/Suicide-Squad-The-(2021)#tab=summary,185000000,55817425,167120232,26205415,R,Action,4019,132,2021,30.17158108,90.33526054
108,22/5/2019,Aladdin,/movie/Aladdin-(2019)#tab=summary,182000000,355559216,1046649706,91500929,PG,Adventure,4476,128,2019,195.3622066,575.082256
109,25/10/2017,Thor: Ragnarok,/movie/Thor-Ragnarok#tab=summary,180000000,315058289,850482778,122744989,PG-13,Action,4080,130,2017,175.0323828,472.4904322
110,9/12/2005,"The Chronicles of Narnia: The Lion, the Witch a…",/movie/Chronicles-of-Narnia-The-Lion-the-Witch-and-the-Wardrobe-The#tab=summary,180000000,291710957,720539572,NA,NA,NA,NA,NA,2005,162.0616428,400.2997622
111,28/5/2014,Maleficent,/movie/Maleficent#tab=summary,180000000,241407328,758536735,69431298,PG,Adventure,3948,97,2014,134.1151822,421.4092972
112,14/11/2016,Fantastic Beasts and Where to Find Them,/movie/Fantastic-Beasts-and-Where-to-Find-Them#tab=summary,180000000,234037575,811724385,74403387,PG-13,Adventure,4144,133,2016,130.020875,450.9579917
113,27/6/2008,WALL-E,/movie/WALL-E#tab=summary,180000000,223808164,532508025,63087526,G,Adventure,3992,100,2008,124.3378689,295.8377917
114,10/8/2007,Rush Hour 3,/movie/Rush-Hour-3#tab=summary,180000000,140125968,256585882,49100158,PG-13,Action,3778,91,2007,77.84776,142.5477122
115,27/6/2016,The Legend of Tarzan,/movie/Legend-of-Tarzan-The#tab=summary,180000000,126643061,348902025,38527856,PG-13,Adventure,3591,110,2016,70.35725611,193.8344583
116,23/11/2011,Hugo,/movie/Hugo#tab=summary,180000000,73864507,180047784,11364505,PG,Adventure,2608,126,2011,41.03583722,100.0265467
117,20/7/2017,Valerian and the City of a Thousand Planets,/movie/Valerian-and-the-City-of-a-Thousand-Planets-(France)#tab=summary,180000000,40479370,215098356,17007624,PG-13,Adventure,3553,129,2017,22.48853889,119.4990867
118,6/2/2015,Jupiter Ascending,/movie/Jupiter-Ascending#tab=summary,179000000,47482519,181982519,18372372,PG-13,Action,3885,127,2015,26.52654693,101.6662117
119,16/7/2018,Mission: Impossible—Fallout,/movie/Mission-Impossible-Fallout#tab=summary,178000000,220159104,787176729,61236534,PG-13,Action,4395,147,2018,123.6848899,442.2341174
120,18/5/2016,X-Men: Apocalypse,/movie/X-Men-Apocalypse-(2016)#tab=summary,178000000,155442489,542537546,65769562,PG-13,Action,4153,136,2016,87.32724101,304.7963742
121,9/8/2018,The Meg,/movie/Meg-The#tab=summary,178000000,145443742,527370715,45402195,PG-13,Action,4118,113,2018,81.70996742,296.2756826
122,28/5/2014,Edge of Tomorrow,/movie/Edge-of-Tomorrow#tab=summary,178000000,100206256,367028980,28760246,PG-13,Action,3505,136,2014,56.29564944,206.1960562
123,6/3/2019,Captain Marvel,/movie/Captain-Marvel-(2019)#tab=summary,175000000,426829839,1129727388,153433423,PG-13,Action,4310,124,2019,243.9027651,645.5585074
124,7/4/2016,The Jungle Book,/movie/Jungle-Book-The-(2016)#tab=summary,175000000,364001123,953554418,103261464,PG,Adventure,4144,105,2016,208.0006417,544.8882389
125,12/6/2015,Inside Out,/movie/Inside-Out-(2015)#tab=summary,175000000,356461711,853003563,90440272,PG,Adventure,4158,95,2015,203.6924063,487.4306074
126,5/7/2017,Spider-Man: Homecoming,/movie/Spider-Man-Homecoming#tab=summary,175000000,334201140,878346440,117027503,PG-13,Action,4348,133,2017,190.97208,501.9122514
127,2/8/2016,Suicide Squad,/movie/Suicide-Squad#tab=summary,175000000,325100054,745744980,133682248,PG-13,Action,4255,123,2016,185.7714594,426.1399886
128,28/5/2009,Up,/movie/Up#tab=summary,175000000,293004164,731463377,68108790,PG,Adventure,3886,89,2009,167.4309509,417.9790726
129,27/10/2017,Coco,/movie/Coco-(2017)#tab=summary,175000000,210460015,797666425,50802605,PG,Musical,3987,105,2017,120.2628657,455.8093857
130,21/11/2018,Ralph Breaks The Internet,/movie/Ralph-Breaks-The-Internet-(2018)#tab=summary,175000000,201091711,529290830,56237634,PG,Adventure,4017,112,2018,114.9095491,302.4519029
131,27/3/2009,Monsters vs. Aliens,/movie/Monsters-vs-Aliens#tab=summary,175000000,198351526,381687380,59321095,PG,Adventure,4136,95,2009,113.3437291,218.1070743
132,16/6/2017,Cars 3,/movie/Cars-3#tab=summary,175000000,152901115,383541369,53688680,G,Adventure,4256,109,2017,87.37206571,219.1664966
133,7/8/2009,G.I. Joe: The Rise of Cobra,/movie/GI-Joe-The-Rise-of-Cobra-(2009)#tab=summary,175000000,150201498,302469017,54713046,PG-13,Action,4007,118,2009,85.82942743,172.8394383
134,30/6/1999,Wild Wild West,/movie/Wild-Wild-West#tab=summary,175000000,113805681,221229335,27687484,PG-13,Adventure,3342,107,1999,65.03181771,126.4167629
135,1/8/2008,The Mummy: Tomb of the Dragon Emperor,/movie/Mummy-Tomb-of-the-Dragon-Emperor-The#tab=summary,175000000,102491776,405760225,40457770,PG-13,Adventure,3778,111,2008,58.56672914,231.8629857
136,22/6/2007,Evan Almighty,/movie/Evan-Almighty#tab=summary,175000000,100289690,174131329,31192615,PG,Comedy,3636,96,2007,57.30839429,99.50361657
137,28/7/1995,Waterworld,/movie/Waterworld#tab=summary,175000000,88246220,264246220,21171780,PG-13,Action,2420,135,1995,50.42641143,150.99784
138,8/1/2020,Dolittle,/movie/Dolittle#tab=summary,175000000,77047065,251410631,21844045,PG,Adventure,4155,103,2020,44.02689429,143.6632177
139,11/5/2017,King Arthur: Legend of the Sword,/movie/King-Arthur-Legend-of-the-Sword#tab=summary,175000000,39175066,139630336,15371270,PG-13,Adventure,3702,126,2017,22.385752,79.78876343
140,6/12/2013,47 Ronin,/movie/47-Ronin#tab=summary,175000000,38362475,151716815,9910310,PG-13,Action,2690,127,2013,21.92141429,86.69532286
141,10/3/2022,Turning Red,/movie/Turning-Red-(2022)#tab=summary,175000000,0,10965045,NA,PG,Adventure,NA,100,2022,0,6.26574
142,20/5/2022,Top Gun: Maverick,/movie/Top-Gun-Maverick-(2020)#tab=summary,170000000,715270567,1478823595,126707459,PG-13,Action,4751,131,2022,420.7473924,869.8962324
143,6/6/2018,Jurassic World: Fallen Kingdom,/movie/Jurassic-World-Fallen-Kingdom-(2018)#tab=summary,170000000,417719760,1308334005,148024610,PG-13,Action,4485,128,2018,245.7175059,769.6082382
144,31/7/2014,Guardians of the Galaxy,/movie/Guardians-of-the-Galaxy#tab=summary,170000000,333714112,770882395,94320883,PG-13,Action,4088,121,2014,196.3024188,453.4602324
145,7/5/2010,Iron Man 2,/movie/Iron-Man-2#tab=summary,170000000,312433331,621156389,128122480,PG-13,Action,4390,125,2010,183.7843124,365.3861112
146,28/3/2014,Captain America: The Winter Soldier,/movie/Captain-America-The-Winter-Soldier#tab=summary,170000000,259746958,714401889,95023721,PG-13,Action,3938,135,2014,152.7923282,420.2364053
147,9/7/2014,Dawn of the Planet of the Apes,/movie/Dawn-of-the-Planet-of-the-Apes#tab=summary,170000000,208545589,710644566,72611427,PG-13,Adventure,3969,130,2014,122.6738759,418.0262153
148,10/11/2004,The Polar Express,/movie/Polar-Express-The#tab=summary,170000000,188578855,312719437,23325035,G,Adventure,3650,92,2004,110.9287382,183.95261
149,30/5/2012,Snow White and the Huntsman,/movie/Snow-White-and-the-Huntsman#tab=summary,170000000,155136755,401021746,56217700,PG-13,Adventure,3777,127,2012,91.25691471,235.8951447
150,1/7/2003,Terminator 3: Rise of the Machines,/movie/Terminator-3-Rise-of-the-Machines#tab=summary,170000000,150358296,433058296,44041440,R,Action,3504,109,2003,88.44605647,254.7401741
151,5/5/2004,Van Helsing,/movie/Van-Helsing#tab=summary,170000000,120150546,300150546,51748040,PG-13,Action,3580,132,2004,70.67679176,176.5591447
152,27/3/2019,Dumbo,/movie/Dumbo-(2019)#tab=summary,170000000,114766307,353166307,45990748,PG,Adventure,4259,130,2019,67.50959235,207.7448865
153,29/5/2019,Godzilla: King of the Monsters,/movie/Godzilla-King-of-the-Monsters-(2019)#tab=summary,170000000,110500138,383299915,47776293,PG-13,Action,4108,132,2019,65.00008118,225.4705382
154,20/5/2015,Tomorrowland,/movie/Tomorrowland#tab=summary,170000000,93436322,206627518,33028165,PG,Adventure,3972,129,2015,54.96254235,121.5455988
155,1/2/2019,Alita: Battle Angel,/movie/Alita-Battle-Angel-(2019)#tab=summary,170000000,85838210,401900040,28525613,PG-13,Action,3802,122,2019,50.49306471,236.4117882
156,20/5/2016,Alice Through the Looking Glass,/movie/Alice-Through-the-Looking-Glass#tab=summary,170000000,77042381,276928112,26858726,PG,Adventure,3763,113,2016,45.31904765,162.8988894
157,1/6/2022,Jurassic World: Dominion,/movie/Jurassic-World-Dominion-(2022)#tab=summary,165000000,376009080,1001188755,145075625,PG-13,Action,4697,146,2022,227.8842909,606.7810636
158,21/5/2010,Shrek Forever After,/movie/Shrek-Forever-After-(2010)#tab=summary,165000000,238736787,756244673,70838207,PG,Adventure,4386,93,2010,144.6889618,458.3301048
159,24/10/2016,Doctor Strange,/movie/Doctor-Strange-(2016)#tab=summary,165000000,232641920,676354481,85058311,PG-13,Action,3882,115,2016,140.995103,409.9118067
160,25/10/2014,Big Hero 6,/movie/Big-Hero-6#tab=summary,165000000,222527828,648415024,56215889,PG,Adventure,3773,108,2014,134.8653503,392.9788024
161,26/3/2010,How to Train Your Dragon,/movie/How-to-Train-Your-Dragon#tab=summary,165000000,217581232,494870992,43732319,PG,Adventure,4060,91,2010,131.8674133,299.9218133
162,1/11/2012,Wreck-It Ralph,/movie/Wreck-It-Ralph#tab=summary,165000000,189412677,496511521,49038712,PG,Adventure,3752,101,2012,114.7955618,300.9160733
163,5/11/2014,Interstellar,/movie/Interstellar#tab=summary,165000000,188017894,649133873,47510360,PG-13,Adventure,3561,165,2014,113.9502388,393.4144685
164,15/9/2021,Dune,/movie/Dune-(2020)#tab=summary,165000000,108327830,397720527,41011174,PG-13,Action,4125,156,2021,65.6532303,241.0427436
165,22/6/2016,Independence Day: Resurgence,/movie/Independence-Day-Resurgence#tab=summary,165000000,103144286,384169424,41039944,PG-13,Action,4091,119,2016,62.51168848,232.8299539
166,29/7/2011,Cowboys and Aliens,/movie/Cowboys-and-Aliens#tab=summary,163000000,100368560,176038324,36431290,PG-13,Action,3754,118,2011,61.57580368,107.9989718
167,16/3/2017,Beauty and the Beast,/movie/Beauty-and-the-Beast-(2017)#tab=summary,160000000,504014165,1270042058,174750616,PG,Musical,4210,123,2017,315.0088531,793.7762863
168,27/6/2019,Spider-Man: Far From Home,/movie/Spider-Man-Far-From-Home-(2019)#tab=summary,160000000,390532085,1132532832,92579212,PG-13,Action,4634,129,2019,244.0825531,707.83302
169,6/12/2018,Aquaman,/movie/Aquaman-(2018)#tab=summary,160000000,335061807,1143758700,67873522,PG-13,Action,4184,143,2018,209.4136294,714.8491875
170,17/5/2007,Shrek the Third,/movie/Shrek-the-Third#tab=summary,160000000,322719944,807330936,121629270,PG,Adventure,4172,92,2007,201.699965,504.581835
171,16/7/2010,Inception,/movie/Inception#tab=summary,160000000,292576195,728582465,62785337,PG-13,Thriller/Suspense,3792,147,2010,182.8601219,455.3640406
172,18/11/2015,The Hunger Games: Mockingjay - Part 2,/movie/Hunger-Games-Mockingjay-Part-2-The#tab=summary,160000000,281723902,648986787,102665981,PG-13,Thriller/Suspense,4175,136,2015,176.0774388,405.6167419
173,17/5/2013,Fast and Furious 6,/movie/Fast-and-Furious-6#tab=summary,160000000,238679850,789300444,97375245,PG-13,Action,3771,130,2013,149.1749063,493.3127775
174,14/5/2014,Godzilla,/movie/Godzilla-(2014)#tab=summary,160000000,200676069,529076069,93188384,PG-13,Action,3952,123,2014,125.4225431,330.6725431
175,3/6/2011,X-Men: First Class,/movie/X-Men-First-Class#tab=summary,160000000,146408305,355408305,55101604,PG-13,Action,3692,132,2011,91.50519063,222.1301906
176,25/12/2008,The Curious Case of Benjamin Button,/movie/Curious-Case-of-Benjamin-Button-The#tab=summary,160000000,127509326,329631958,26853816,PG-13,Drama,2988,167,2008,79.69332875,206.0199738
177,14/7/2010,The Sorcerer's Apprentice,/movie/Sorcerers-Apprentice-The#tab=summary,160000000,63150991,217986320,17619622,PG,Adventure,3504,108,2010,39.46936938,136.24145
178,12/5/2006,Poseidon,/movie/Poseidon#tab=summary,160000000,60674817,181674817,22155410,PG-13,Adventure,3555,NA,2006,37.92176063,113.5467606
179,25/5/2016,Warcraft,/movie/Warcraft#tab=summary,160000000,47365290,438899824,24166110,PG-13,Action,3406,123,2016,29.60330625,274.31239
180,1/11/2019,The Irishman,/movie/Irishman-The-(2019)#tab=summary,159000000,0,910234,NA,R,Drama,NA,210,2019,0,0.572474214
181,29/9/2016,Deepwater Horizon,/movie/Deepwater-Horizon#tab=summary,156000000,61433527,122359309,20223544,PG-13,Thriller/Suspense,3403,107,2016,39.38046603,78.43545449
182,10/12/2010,The Chronicles of Narnia: The Voyage of the Daw…,/movie/Chronicles-of-Narnia-The-Voyage-of-the-Dawn-Treader-The#tab=summary,155000000,104386950,418186950,NA,NA,NA,NA,NA,2010,67.34641935,269.7980323
183,25/3/2021,Godzilla vs. Kong,/movie/Godzilla-vs-Kong-(2020)#tab=summary,155000000,100916094,468064628,32200000,PG-13,Action,3084,113,2021,65.10715742,301.9771794
184,24/6/2015,Terminator: Genisys,/movie/Terminator-Genisys#tab=summary,155000000,89760956,432150894,27018486,PG-13,Action,3783,126,2015,57.91029419,278.8070284
185,16/3/2018,Pacific Rim: Uprising,/movie/Pacific-Rim-Uprising#tab=summary,155000000,59874525,290930148,28116535,PG-13,Action,3708,111,2018,38.62872581,187.6968697
186,24/11/2004,Alexander,/movie/Alexander#tab=summary,155000000,34297191,167297191,13687087,R,Action,2445,175,2004,22.12722,107.9336716
187,14/7/2017,War for the Planet of the Apes,/movie/War-for-the-Planet-of-the-Apes#tab=summary,152000000,146880162,489592267,56262929,PG-13,Action,4100,142,2017,96.63168553,322.1001757
188,25/5/2001,Pearl Harbor,/movie/Pearl-Harbor#tab=summary,151500000,198539855,449239853,59078912,PG-13,Action,3255,182,2001,131.0494092,296.5279558
189,2/7/2007,Transformers,/movie/Transformers#tab=summary,151000000,319246193,708272592,70502384,PG-13,Action,4050,142,2007,211.4213199,469.0546967
190,20/11/2019,Frozen II,/movie/Frozen-II-(2019)#tab=summary,150000000,477373578,1445182280,130263358,PG,Adventure,4440,103,2019,318.249052,963.4548533
191,29/5/2017,Wonder Woman,/movie/Wonder-Woman-(2017)#tab=summary,150000000,412563408,818058221,103251471,PG-13,Action,4165,141,2017,275.042272,545.3721473
192,22/11/2013,Frozen,/movie/Frozen-(2013)#tab=summary,150000000,400953009,1261788407,243390,PG,Musical,3742,102,2013,267.302006,841.1922713
193,10/2/2016,Zootopia,/movie/Zootopia-(2016)#tab=summary,150000000,341268248,1004629935,75063401,PG,Adventure,3959,108,2016,227.5121653,669.75329
194,11/7/2007,Harry Potter and the Order of the Phoenix,/movie/Harry-Potter-and-the-Order-of-the-Phoenix#tab=summary,150000000,292137260,939619849,77108414,PG-13,Adventure,4285,138,2007,194.7581733,626.4132327
195,18/11/2005,Harry Potter and the Goblet of Fire,/movie/Harry-Potter-and-the-Goblet-of-Fire#tab=summary,150000000,290201752,886746240,102685961,PG-13,Adventure,3858,150,2005,193.4678347,591.16416
196,15/5/2003,The Matrix Reloaded,/movie/Matrix-Reloaded-The#tab=summary,150000000,281553689,738576929,91774413,R,Action,3603,138,2003,187.7024593,492.3846193
197,14/12/2007,I am Legend,/movie/I-am-Legend#tab=summary,150000000,256393010,585532684,77211321,PG-13,Horror,3648,100,2007,170.9286733,390.3551227
198,27/1/2016,Moana,/movie/Moana-(2016)#tab=summary,150000000,248757044,631617146,56631401,PG,Musical,3875,113,2016,165.8380293,421.0780973
199,1/7/2008,Hancock,/movie/Hancock-(2008)#tab=summary,150000000,227946274,624234272,62603879,PG-13,Action,3965,92,2008,151.9641827,416.1561813
200,1/9/2021,Shang-Chi and the Legend of the Ten Rings,/movie/Shang-Chi-and-the-Legend-of-the-Ten-Rings-(2021)#tab=summary,150000000,224543292,432243292,75388688,PG-13,Action,4300,132,2021,149.695528,288.1621947
201,15/7/2005,Charlie and the Chocolate Factory,/movie/Charlie-and-the-Chocolate-Factory-(2005)#tab=summary,150000000,206459076,475825484,56178450,PG,Adventure,3790,115,2005,137.639384,317.2169893
202,29/6/2007,Ratatouille,/movie/Ratatouille#tab=summary,150000000,206445654,626549695,47027395,G,Adventure,3940,110,2007,137.630436,417.6997967
203,30/10/2013,Thor: The Dark World,/movie/Thor-The-Dark-World#tab=summary,150000000,206362140,644602516,85737841,PG-13,Action,3841,111,2013,137.57476,429.7350107
204,15/6/2005,Batman Begins,/movie/Batman-Begins#tab=summary,150000000,205343774,358858124,48745440,PG-13,Action,3858,140,2005,136.8958493,239.2387493
205,29/7/2015,Mission: Impossible—Rogue Nation,/movie/Mission-Impossible-Rogue-Nation#tab=summary,150000000,195042377,688858992,55520089,PG-13,Action,3988,131,2015,130.0282513,459.239328
206,18/7/2017,Dunkirk,/movie/Dunkirk-(2017)#tab=summary,150000000,190068280,518058826,50513488,PG-13,Action,4014,107,2017,126.7121867,345.3725507
207,29/4/2011,Thor,/movie/Thor#tab=summary,150000000,181030624,449326618,65723338,PG-13,Action,3963,113,2011,120.6870827,299.5510787
208,7/11/2008,Madagascar: Escape 2 Africa,/movie/Madagascar-Escape-2-Africa#tab=summary,150000000,180174880,599680774,63106589,PG,Adventure,4065,89,2008,120.1165867,399.7871827
209,1/5/2009,X-Men Origins: Wolverine,/movie/X-Men-Origins-Wolverine#tab=summary,150000000,179883157,374825760,85058003,PG-13,Action,4102,107,2009,119.9221047,249.88384
210,22/5/2009,Night at the Museum: Battle of the Smithsonian,/movie/Night-at-the-Museum-Battle-of-the-Smithsonian#tab=summary,150000000,177243721,402231063,54173286,PG,Adventure,4101,105,2009,118.1624807,268.154042
211,26/5/2011,Kung Fu Panda 2,/movie/Kung-Fu-Panda-2#tab=summary,150000000,165249063,664837547,47656302,PG,Adventure,3952,90,2011,110.166042,443.2250313
212,14/5/2015,Mad Max: Fury Road,/movie/Mad-Max-Fury-Road#tab=summary,150000000,153636354,367457874,45428128,R,Action,3722,120,2015,102.424236,244.971916
213,3/5/2019,Pokémon: Detective Pikachu,/movie/Pokemon-Detective-Pikachu-(2019)#tab=summary,150000000,144105346,431344168,54365242,PG,Adventure,4248,104,2019,96.07023067,287.5627787
214,5/11/2003,The Matrix Revolutions,/movie/Matrix-Revolutions-The#tab=summary,150000000,139270910,427300260,48475154,R,Action,3502,129,2003,92.84727333,284.86684
215,20/3/2018,Ready Player One,/movie/Ready-Player-One#tab=summary,150000000,137690172,579055653,41769050,PG-13,Adventure,4234,140,2018,91.793448,386.037102
216,4/11/2005,Chicken Little,/movie/Chicken-Little#tab=summary,150000000,135386665,310043823,40049778,G,Adventure,3658,82,2005,90.25777667,206.695882
217,5/5/2006,Mission: Impossible III,/movie/Mission-Impossible-III#tab=summary,150000000,133501348,399387745,47743273,PG-13,Action,4059,126,2006,89.00089867,266.2584967
218,15/5/2009,Angels & Demons,/movie/Angels-and-Demons#tab=summary,150000000,133375846,490875846,46204168,PG-13,Thriller/Suspense,3527,138,2009,88.91723067,327.250564
219,13/5/2004,Troy,/movie/Troy#tab=summary,150000000,133298577,483152040,46865412,R,Action,3411,162,2004,88.865718,322.10136
220,1/7/2010,The Last Airbender,/movie/Last-Airbender-The#tab=summary,150000000,131772187,319713881,40325019,PG,Adventure,3203,103,2010,87.84812467,213.1425873
221,2/11/2007,Bee Movie,/movie/Bee-Movie#tab=summary,150000000,126631277,287594577,38021044,PG,Adventure,3984,90,2007,84.42085133,191.729718
222,24/7/2009,G-Force,/movie/G-Force#tab=summary,150000000,119436770,292817841,31706934,PG,Adventure,3697,87,2009,79.62451333,195.211894
223,21/11/2008,Bolt,/movie/Bolt#tab=summary,150000000,114053579,328015029,26223128,PG,Adventure,3654,96,2008,76.03571933,218.676686
224,24/11/2021,Encanto,/movie/Encanto-(2021)#tab=summary,150000000,96093622,230873149,27206494,PG,Adventure,3980,109,2021,64.06241467,153.9154327
225,28/3/2012,Wrath of the Titans,/movie/Wrath-of-the-Titans#tab=summary,150000000,83670083,305270083,33457188,PG-13,Adventure,3545,99,2012,55.78005533,203.5133887
226,16/11/2007,Beowulf,/movie/Beowulf#tab=summary,150000000,82280579,195080579,27515871,PG-13,Adventure,3249,115,2007,54.85371933,130.0537193
227,9/5/2012,Dark Shadows,/movie/Dark-Shadows#tab=summary,150000000,79727149,238202668,29685274,PG-13,Black Comedy,3755,112,2012,53.15143267,158.8017787
228,28/6/2013,White House Down,/movie/White-House-Down#tab=summary,150000000,73103784,205440387,24852258,PG-13,Thriller/Suspense,3222,131,2013,48.735856,136.960258
229,14/7/2021,Space Jam: A New Legacy,/movie/Space-Jam-A-New-Legacy#tab=summary,150000000,70592228,144003749,31053362,PG,Comedy,4002,115,2021,47.06148533,96.00249933
230,12/2/2010,The Wolfman,/movie/Wolfman-The-(2010)#tab=summary,150000000,62189884,142634358,31479235,R,Horror,3223,102,2010,41.45992267,95.089572
231,15/12/2016,The Great Wall,/movie/Great-Wall-The#tab=summary,150000000,45157105,334486852,18469620,PG-13,Action,3328,104,2016,30.10473667,222.9912347
232,25/9/2015,Pan,/movie/Pan-(2015)#tab=summary,150000000,35088320,151525973,15315435,PG,Adventure,3515,111,2015,23.39221333,101.0173153
233,11/3/2011,Mars Needs Moms,/movie/Mars-Needs-Moms#tab=summary,150000000,21392758,39549758,6914488,PG,Adventure,3117,88,2011,14.26183867,26.36650533
234,3/2/2022,Moonfall,/movie/Moonfall-(2022)#tab=summary,150000000,19060660,59049032,9868997,PG-13,Action,3446,124,2022,12.70710667,39.36602133
235,4/11/2021,Red Notice,/movie/Red-Notice-(2020)#tab=summary,150000000,0,173638,NA,PG-13,Action,NA,115,2021,0,0.115758667
236,13/12/2019,6 Underground,/movie/6-Underground-(2019)#tab=summary,150000000,0,0,NA,R,Action,NA,128,2019,0,0
237,3/11/2006,Flushed Away,/movie/Flushed-Away#tab=summary,149000000,64665672,179357126,18814323,PG,Adventure,3707,85,2006,43.39977987,120.3739101
238,8/6/2012,Madagascar 3: Europe's Most Wanted,/movie/Madagascar-3#tab=summary,145000000,216391482,746921271,60316738,PG,Adventure,4263,85,2012,149.2355048,515.1181179
239,14/12/2011,Mission: Impossible—Ghost Protocol,/movie/Mission-Impossible-Ghost-Protocol#tab=summary,145000000,209397903,694713230,12785204,PG-13,Action,3555,132,2011,144.4123469,479.1125724
240,5/6/2014,How to Train Your Dragon 2,/movie/How-to-Train-Your-Dragon-2-(2014)#tab=summary,145000000,177002924,614586270,49451322,PG,Adventure,4268,102,2014,122.0709821,423.8526
241,16/6/1999,Tarzan,/movie/Tarzan#tab=summary,145000000,171091819,448191819,34221968,G,Adventure,3131,88,1999,117.9943579,309.0978062
242,20/2/2014,Mr. Peabody & Sherman,/movie/Mr-Peabody-and-Sherman#tab=summary,145000000,111506430,269806430,32207057,PG,Adventure,3951,91,2014,76.90098621,186.0734
243,20/11/2012,Rise of the Guardians,/movie/Rise-of-the-Guardians#tab=summary,145000000,103412758,306900902,23773465,PG,Adventure,3672,97,2012,71.31914345,211.6557945
244,8/4/2005,Sahara,/movie/Sahara#tab=summary,145000000,68671925,121645390,18068372,PG-13,Adventure,3200,124,2005,47.35994828,83.89337241
245,13/7/2016,Ghostbusters,/movie/Ghostbusters-(2016)#tab=summary,144000000,128350574,229008658,46018755,PG-13,Comedy,3963,117,2016,89.13234306,159.0337903
246,22/11/2002,Die Another Day,/movie/Die-Another-Day#tab=summary,142000000,160942139,431942139,47072040,PG-13,Action,3377,133,2002,113.3395345,304.1846049
247,9/7/2003,Pirates of the Caribbean: The Curse of the Blac…,/movie/Pirates-of-the-Caribbean-The-Curse-of-the-Black-Pearl#tab=summary,140000000,305410819,654310819,NA,NA,NA,NA,NA,2003,218.150585,467.3648707
248,8/5/2009,Star Trek,/movie/Star-Trek#tab=summary,140000000,257730019,386839614,79204289,PG-13,Adventure,4053,125,2009,184.0928707,276.31401
249,1/7/1998,Armageddon,/movie/Armageddon#tab=summary,140000000,201578182,554600000,36089972,PG-13,Adventure,3184,150,1998,143.9844157,396.1428571
250,3/7/2002,Men in Black 2,/movie/Men-in-Black-2#tab=summary,140000000,190418803,441767803,52148751,PG-13,Action,3641,86,2002,136.0134307,315.5484307
251,22/7/2011,Captain America: The First Avenger,/movie/Captain-America-The-First-Avenger#tab=summary,140000000,176654505,370569776,65058524,PG-13,Action,3715,124,2011,126.1817893,264.6926971
252,23/1/2016,Kung Fu Panda 3,/movie/Kung-Fu-Panda-3#tab=summary,140000000,143528619,521170825,41282042,PG,Adventure,3987,94,2016,102.5204421,372.264875
253,10/7/1998,Lethal Weapon 4,/movie/Lethal-Weapon-4#tab=summary,140000000,130444603,285400000,34048124,R,Action,3117,127,1998,93.17471643,203.8571429
254,27/3/2013,G.I. Joe: Retaliation,/movie/GI-Joe-Retaliation#tab=summary,140000000,122523060,375740705,40501814,PG-13,Action,3734,110,2013,87.51647143,268.3862179
255,5/12/2003,The Last Samurai,/movie/Last-Samurai-The#tab=summary,140000000,111110575,456810575,24271354,R,Action,2938,154,2003,79.36469643,326.2932679
256,21/12/2005,Fun With Dick And Jane,/movie/Fun-With-Dick-And-Jane#tab=summary,140000000,110550000,203018919,14383515,PG-13,Comedy,3239,90,2005,78.96428571,145.0135136
257,5/12/2014,Exodus: Gods and Kings,/movie/Exodus-Gods-and-Kings#tab=summary,140000000,65014513,268314513,24115934,PG-13,Drama,3503,150,2014,46.43893786,191.6532236
258,30/6/2016,The BFG,/movie/BFG-The-(2016)#tab=summary,140000000,55483770,199646680,18775350,PG,Adventure,3392,115,2016,39.63126429,142.6047714
259,3/10/2019,Gemini Man,/movie/Gemini-Man-(2019)#tab=summary,140000000,48546770,166623705,20552372,PG-13,Action,3642,116,2019,34.67626429,119.0169321
260,24/2/2016,Gods of Egypt,/movie/Gods-of-Egypt#tab=summary,140000000,31153464,138836756,14123903,PG-13,Adventure,3117,127,2016,22.25247429,99.16911143
261,NA,Desert Warrior,/movie/Desert-Warrior-(2022-Saudi-Arabia)#tab=summary,140000000,0,0,NA,NA,NA,NA,NA,NA,0,0
262,3/5/2002,Spider-Man,/movie/Spider-Man#tab=summary,139000000,403706375,821706375,114844116,PG-13,Adventure,3876,121,2002,290.436241,591.1556655
263,6/3/2009,Watchmen,/movie/Watchmen#tab=summary,138000000,107509799,186976250,55214334,R,Action,3611,161,2009,77.90565145,135.4900362
264,29/7/2005,Stealth,/movie/Stealth#tab=summary,138000000,32116746,76416746,13251545,PG-13,Action,3495,121,2005,23.27300435,55.37445362
265,13/6/2008,The Incredible Hulk,/movie/Incredible-Hulk-The#tab=summary,137500000,134806913,265573859,55414050,PG-13,Adventure,3508,112,2008,98.04139127,193.1446247
266,20/6/2003,Hulk,/movie/Hulk#tab=summary,137000000,132177234,245031679,62128420,PG-13,Action,3674,138,2003,96.47973285,178.8552401
267,11/7/2001,Final Fantasy: The Spirits Within,/movie/Final-Fantasy-The-Spirits-Within#tab=summary,137000000,32131830,85131830,11408853,PG-13,Adventure,2649,106,2001,23.45389051,62.1400219
268,14/11/2012,"The Twilight Saga: Breaking Dawn, Part 2",/movie/Twilight-Saga-Breaking-Dawn-Part-2-The#tab=summary,136200000,292324737,829724737,141067634,PG-13,Drama,4070,115,2012,214.6290286,609.1958421
269,15/3/2013,The Croods,/movie/Croods-The#tab=summary,135000000,187168425,573068425,43639736,PG,Adventure,4065,98,2013,138.6432778,424.4951296
270,25/12/2015,The Revenant,/movie/Revenant-The-(2015)#tab=summary,135000000,183637894,532938302,474560,R,Adventure,3711,156,2015,136.0280696,394.7691126
271,19/11/1999,The World is Not Enough,/movie/World-is-Not-Enough-The#tab=summary,135000000,126930660,361730660,35519007,PG-13,Action,3165,128,1999,94.02271111,267.948637
272,4/3/2011,Rango,/movie/Rango#tab=summary,135000000,123477607,245724600,38079323,PG,Adventure,3923,107,2011,91.46489407,182.0182222
273,14/11/2003,Master and Commander: The Far Side of the World,/movie/Master-and-Commander-The-Far-Side-of-the-World#tab=summary,135000000,93926386,212912137,25105990,PG-13,Adventure,3101,139,2003,69.57510074,157.7126941
274,17/7/2013,Turbo,/movie/Turbo#tab=summary,135000000,83028130,286896578,21312625,PG,Adventure,3809,96,2013,61.50231852,212.5159837
275,2/6/2016,Teenage Mutant Ninja Turtles: Out of the Shadows,/movie/Teenage-Mutant-Ninja-Turtles-Out-of-the-Shadows#tab=summary,135000000,82051601,245328374,35316382,PG-13,Adventure,4071,112,2016,60.7789637,181.7247215
276,18/11/2011,Happy Feet Two,/movie/Happy-Feet-2#tab=summary,135000000,64006466,157956466,21237068,PG,Adventure,3611,99,2011,47.41219704,117.0047896
277,28/7/2006,Miami Vice,/movie/Miami-Vice-(2006)#tab=summary,135000000,63478838,164920076,25723815,R,Action,3026,132,2006,47.02136148,122.1630193
278,31/10/2018,The Nutcracker and the Four Realms,/movie/Nutcracker-and-the-Four-Realms-The-(2018)#tab=summary,132900000,54858851,170024300,20352491,PG,Adventure,3766,99,2018,41.2782927,127.9340105
279,24/6/2005,War of the Worlds,/movie/War-of-the-Worlds#tab=summary,132000000,234280354,606836535,64878725,PG-13,Action,3910,116,2005,177.4851167,459.7246477
280,26/11/2014,Penguins of Madagascar,/movie/Penguins-of-Madagascar#tab=summary,132000000,83350911,366942531,25447444,PG,Adventure,3775,92,2014,63.14462955,277.9867659
281,15/11/2013,The Hunger Games: Catching Fire,/movie/Hunger-Games-Catching-Fire-The#tab=summary,130000000,424668047,864868047,158074286,PG-13,Adventure,4163,146,2013,326.6677285,665.2831131
282,31/5/2004,Harry Potter and the Prisoner of Azkaban,/movie/Harry-Potter-and-the-Prisoner-of-Azkaban#tab=summary,130000000,249757726,789592708,93687367,PG,Adventure,3855,141,2004,192.1213277,607.3790062
283,3/8/2007,The Bourne Ultimatum,/movie/Bourne-Ultimatum-The#tab=summary,130000000,227471070,444043396,69283690,PG-13,Thriller/Suspense,3701,113,2007,174.9777462,341.5718431
284,3/7/2018,Ant-Man and the Wasp,/movie/Ant-Man-and-the-Wasp#tab=summary,130000000,216648740,623144660,75812205,PG-13,Action,4206,118,2018,166.6528769,479.3420462
285,6/6/2008,Kung Fu Panda,/movie/Kung-Fu-Panda#tab=summary,130000000,215434591,631910531,60239130,PG,Adventure,4136,91,2008,165.7189162,486.0850238
286,14/7/2015,Ant-Man,/movie/Ant-Man#tab=summary,130000000,180202163,518858449,57225526,PG-13,Action,3868,117,2015,138.6170485,399.1218838
287,19/3/2015,Home,/movie/Home-(2015)#tab=summary,130000000,177397510,385997896,52107731,PG,Adventure,3801,94,2015,136.4596231,296.9214585
288,19/12/2018,Mary Poppins Returns,/movie/Mary-Poppins-Returns-(2018)#tab=summary,130000000,171958438,348901032,23523121,PG,Musical,4090,130,2018,132.2757215,268.3854092
289,28/10/2011,Puss in Boots,/movie/Puss-in-Boots#tab=summary,130000000,149260504,554987477,34077439,PG,Adventure,3963,90,2011,114.8157723,426.9134438
290,5/11/2010,Megamind,/movie/Megamind#tab=summary,130000000,148415853,321887208,46016833,PG,Adventure,3949,95,2010,114.1660408,247.6055446
291,18/7/2003,Bad Boys II,/movie/Bad-Boys-II#tab=summary,130000000,138540870,273271982,46522560,R,Action,3202,140,2003,106.5699,210.2092169
292,20/3/2014,Rio 2,/movie/Rio-2#tab=summary,130000000,131538435,492846291,39327869,G,Adventure,3975,101,2014,101.1834115,379.1125315
293,23/7/2010,Salt,/movie/Salt#tab=summary,130000000,118311368,290650494,36011243,PG-13,Thriller/Suspense,3612,100,2010,91.00874462,223.5773031
294,27/3/2014,Noah,/movie/Noah#tab=summary,130000000,101200044,352831065,43720472,PG-13,Drama,3571,137,2014,77.84618769,271.4085115
295,28/10/2011,The Adventures of Tintin,/movie/Adventures-of-Tintin-The#tab=summary,130000000,77591831,373993951,9720993,PG,Adventure,3087,104,2011,59.68602385,287.6876546
296,31/5/2013,After Earth,/movie/After-Earth#tab=summary,130000000,60522097,251499665,27520040,PG-13,Action,3401,99,2013,46.55545923,193.4612808
297,26/11/2008,Australia,/movie/Australia-(2008)#tab=summary,130000000,49554002,215080810,14800723,PG-13,Drama,2721,165,2008,38.11846308,165.4467769
298,19/7/2013,R.I.P.D.,/movie/RIPD#tab=summary,130000000,33618855,79076678,12691415,PG-13,Action,2852,98,2013,25.86065769,60.82821385
299,3/1/2019,How to Train Your Dragon: The Hidden World,/movie/How-to-Train-Your-Dragon-The-Hidden-World-(2019)#tab=summary,129000000,160799505,521214533,55022245,PG,Adventure,4286,104,2019,124.6507791,404.0422736
300,18/11/2011,"The Twilight Saga: Breaking Dawn, Part 1",/movie/Twilight-Saga-Breaking-Dawn-Part-1-The#tab=summary,127500000,281287133,688288353,138122261,PG-13,Drama,4066,117,2011,220.6173592,539.8340024
301,19/5/2000,Dinosaur,/movie/Dinosaur#tab=summary,127500000,137748063,356148063,38854851,PG,Adventure,3319,82,2000,108.0376965,279.3318141
302,23/2/2017,Logan,/movie/Logan-(2017)#tab=summary,127000000,226277068,614202315,88411916,R,Action,4071,135,2017,178.1709197,483.6238701
303,18/12/2014,Night at the Museum: Secret of the Tomb,/movie/Night-at-the-Museum-Secret-of-the-Tomb#tab=summary,127000000,113746621,353756621,17100520,PG,Adventure,3914,97,2014,89.5642685,278.5485205
304,13/7/2011,Harry Potter and the Deathly Hallows: Part II,/movie/Harry-Potter-and-the-Deathly-Hallows-Part-II#tab=summary,125000000,381193157,1316355322,169189427,PG-13,Adventure,4375,131,2011,304.9545256,1053.084258
305,19/11/2014,The Hunger Games: Mockingjay - Part 1,/movie/Hunger-Games-Mockingjay-Part-1-The#tab=summary,125000000,337135885,766575131,121897634,PG-13,Thriller/Suspense,4151,123,2014,269.708708,613.2601048
306,15/11/2001,Harry Potter and the Sorcerer’s Stone,/movie/Harry-Potter-and-the-Sorcerers-Stone#tab=summary,125000000,317871467,965054122,90294621,PG,Adventure,3672,152,2001,254.2971736,772.0432976
307,4/12/2019,Jumanji: The Next Level,/movie/Jumanji-The-Next-Level#tab=summary,125000000,316831246,798332900,59251543,PG-13,Adventure,4227,123,2019,253.4649968,638.66632
308,17/11/2010,Harry Potter and the Deathly Hallows: Part I,/movie/Harry-Potter-and-the-Deathly-Hallows-Part-I#tab=summary,125000000,296131568,951767705,125017372,PG-13,Adventure,4125,146,2010,236.9052544,761.414164
309,19/5/2006,The Da Vinci Code,/movie/Da-Vinci-Code-The#tab=summary,125000000,217536138,767820459,77073388,PG-13,Thriller/Suspense,3757,152,2006,174.0289104,614.2563672
310,30/4/2003,X-Men 2,/movie/X-Men-2-(2003)#tab=summary,125000000,214949694,406348630,85558731,PG-13,Action,3749,135,2003,171.9597552,325.078904
311,21/4/2011,Fast Five,/movie/Fast-Five#tab=summary,125000000,210031325,630163454,86198765,PG-13,Action,3793,130,2011,168.02506,504.1307632
312,8/8/2014,Teenage Mutant Ninja Turtles,/movie/Teenage-Mutant-Ninja-Turtles-(2014)#tab=summary,125000000,191204754,485004754,65575105,PG-13,Adventure,3980,101,2014,152.9638032,388.0038032
313,16/12/2011,Sherlock Holmes: A Game of Shadows,/movie/Sherlock-Holmes-A-Game-of-Shadows-(2011)#tab=summary,125000000,186848418,535663443,39637079,PG-13,Action,3703,129,2011,149.4787344,428.5307544
314,27/5/2004,The Day After Tomorrow,/movie/Day-After-Tomorrow-The#tab=summary,125000000,186740799,555840117,68743584,PG-13,Adventure,3444,123,2004,149.3926392,444.6720936
315,17/3/2017,The Boss Baby,/movie/Boss-Baby-The#tab=summary,125000000,175003033,527965936,50198902,PG,Adventure,3829,97,2017,140.0024264,422.3727488
316,1/4/2010,Clash of the Titans,/movie/Clash-of-the-Titans-(2010)#tab=summary,125000000,163214888,493214888,61235105,PG-13,Action,3802,106,2010,130.5719104,394.5719104
317,12/10/2016,Trolls,/movie/Trolls#tab=summary,125000000,153707064,343242613,46581142,PG,Adventure,4066,93,2016,122.9656512,274.5940904
318,19/5/1998,Godzilla,/movie/Godzilla#tab=summary,125000000,136314294,376000000,93188384,PG-13,Action,3952,123,1998,109.0514352,300.8
319,30/5/2012,Prometheus,/movie/Prometheus#tab=summary,125000000,126477084,402448265,51050101,R,Thriller/Suspense,3442,124,2012,101.1816672,321.958612
320,10/8/2012,The Bourne Legacy,/movie/Bourne-Legacy-The#tab=summary,125000000,113203870,280355920,38142825,PG-13,Thriller/Suspense,3753,135,2012,90.563096,224.284736
321,20/6/1997,Batman & Robin,/movie/Batman-and-Robin#tab=summary,125000000,107325195,238317814,42872605,PG-13,Action,2942,125,1997,85.860156,190.6542512
322,5/7/2018,Skyscraper,/movie/Skyscraper#tab=summary,125000000,68420120,304868961,24905015,PG,Action,3822,103,2018,54.736096,243.8951688
323,3/1/2020,The Call of the Wild,/movie/Call-of-the-Wild-The-(2020)#tab=summary,125000000,62342368,107360936,24791624,PG,Adventure,3914,100,2020,49.8738944,85.8887488
324,3/8/2012,Total Recall,/movie/Total-Recall-(Remake)#tab=summary,125000000,58877969,211856088,25577758,PG-13,Action,3601,117,2012,47.1023752,169.4848704
325,21/12/2016,Assassin’s Creed,/movie/Assassins-Creed#tab=summary,125000000,54647948,240759682,10278225,PG-13,Action,2996,116,2016,43.7183584,192.6077456
326,29/12/2016,Monster Trucks,/movie/Monster-Trucks#tab=summary,125000000,33370166,61642798,10950705,PG-13,Adventure,3119,104,2016,26.6961328,49.3142384
327,27/8/1999,The 13th Warrior,/movie/13th-Warrior-The#tab=summary,125000000,32698899,61698899,10267756,R,Action,2313,103,1999,26.1591192,49.3591192
328,17/11/2000,How the Grinch Stole Christmas,/movie/How-the-Grinch-Stole-Christmas-(2000)#tab=summary,123000000,260348825,345445403,55820330,PG,Adventure,3256,105,2000,211.6657114,280.8499211
329,24/5/2000,Mission: Impossible 2,/movie/Mission-Impossible-2#tab=summary,120000000,215409889,549588516,57845297,PG-13,Action,3669,126,2000,179.5082408,457.99043
330,30/6/2000,The Perfect Storm,/movie/Perfect-Storm-The#tab=summary,120000000,182618434,328711434,41325042,PG-13,Drama,3407,129,2000,152.1820283,273.926195
331,20/7/2016,Jason Bourne,/movie/Jason-Bourne#tab=summary,120000000,162192920,416168316,59215365,PG-13,Action,4039,123,2016,135.1607667,346.80693
332,10/2/2022,Uncharted,/movie/Uncharted-(2022)#tab=summary,120000000,148648820,401748820,44010155,PG-13,Adventure,4275,116,2022,123.8740167,334.7906833
333,15/6/2007,Fantastic Four: Rise of the Silver Surfer,/movie/Fantastic-Four-Rise-of-the-Silver-Surfer#tab=summary,120000000,131921738,289480691,58051684,PG,Action,3963,91,2007,109.9347817,241.2339092
334,21/11/2012,Life of Pi,/movie/Life-of-Pi#tab=summary,120000000,124987022,619310368,22451514,PG,Drama,2946,125,2012,104.1558517,516.0919733
335,16/2/2007,Ghost Rider,/movie/Ghost-Rider#tab=summary,120000000,115802596,229545589,45388836,PG-13,Action,3620,110,2007,96.50216333,191.2879908
336,9/4/2018,Rampage,/movie/Rampage-(2018)#tab=summary,120000000,101028233,427947217,35753093,PG-13,Action,4115,107,2018,84.19019417,356.6226808
337,27/6/2003,Charlie's Angels: Full Throttle,/movie/Charlies-Angels-Full-Throttle#tab=summary,120000000,100814328,227163273,37634221,PG-13,Action,3485,106,2003,84.01194,189.3027275
338,9/8/2013,Elysium,/movie/Elysium#tab=summary,120000000,93050117,286192091,29807393,R,Action,3284,109,2013,77.54176417,238.4934092
339,19/4/2013,Oblivion,/movie/Oblivion-(2013)#tab=summary,120000000,89107235,287916633,37054485,PG-13,Thriller/Suspense,3792,125,2013,74.25602917,239.9305275
340,24/3/2017,Power Rangers,/movie/Power-Rangers-(2017)#tab=summary,120000000,85364450,142531552,40300288,PG-13,Action,3693,124,2017,71.13704167,118.7762933
341,19/7/2002,Stuart Little 2,/movie/Stuart-Little-2#tab=summary,120000000,64956806,166000000,15115152,PG,Adventure,3282,77,2002,54.13067167,138.3333333
342,12/2/2014,RoboCop,/movie/RoboCop-(2013)#tab=summary,120000000,58607007,242981799,21681430,PG-13,Action,3372,116,2014,48.8391725,202.4848325
343,11/6/2004,The Chronicles of Riddick,/movie/Chronicles-of-Riddick-The#tab=summary,120000000,57712751,107212751,24289165,PG-13,Adventure,2759,119,2004,48.09395917,89.34395917
344,5/8/2015,The Fantastic Four,/movie/Fantastic-Four-The-(2015)#tab=summary,120000000,56117548,167849187,NA,NA,NA,NA,NA,2015,46.76462333,139.8743225
345,9/5/2008,Speed Racer,/movie/Speed-Racer#tab=summary,120000000,43945766,93394462,18561337,PG,Action,3606,135,2008,36.62147167,77.82871833
346,22/7/2005,The Island,/movie/Island-The-(2005)#tab=summary,120000000,35818913,163018913,12409070,PG-13,Action,3138,136,2005,29.84909417,135.8490942
347,17/12/2010,How Do You Know?,/movie/How-Do-You-Know#tab=summary,120000000,30212620,49628177,7484696,R,Romantic Comedy,2483,121,2010,25.17718333,41.35681417
348,9/11/2018,Outlaw King,/movie/Outlaw-King-(2018)#tab=summary,120000000,0,0,NA,R,Action,NA,117,2018,0,0
349,2/12/2022,Emancipation,/movie/Emancipation-(2022)#tab=summary,120000000,0,0,NA,NA,Thriller/Suspense,NA,132,2022,0,0
350,23/6/2010,Knight and Day,/movie/Knight-and-Day#tab=summary,117000000,76423035,258751370,20139985,PG-13,Action,3104,109,2010,65.31883333,221.1550171
351,25/1/2021,Tang Ren Jie Tan An 3,/movie/Tang-Ren-Jie-Tan-An-3-(China)#tab=summary,117000000,0,699084069,NA,R,Action,NA,136,2021,0,597.5077513
352,2/10/2018,Venom,/movie/Venom-(2018)#tab=summary,116000000,213511408,856081053,80255756,PG-13,Action,4250,112,2018,184.0615586,738.0009078
353,19/5/1999,Star Wars Ep. I: The Phantom Menace,/movie/Star-Wars-Ep-I-The-Phantom-Menace#tab=summary,115000000,474544677,1027044677,64810970,PG,Adventure,3126,133,1999,412.6475452,893.0823278
354,19/5/2005,Star Wars Ep. III: Revenge of the Sith,/movie/Star-Wars-Ep-III-Revenge-of-the-Sith#tab=summary,115000000,380270577,848998877,108435841,PG-13,Adventure,3663,139,2005,330.670067,738.259893
355,16/5/2002,Star Wars Ep. II: Attack of the Clones,/movie/Star-Wars-Ep-II-Attack-of-the-Clones#tab=summary,115000000,310676740,656695615,80027814,PG,Adventure,3161,143,2002,270.153687,571.0396652
356,2/11/2001,"Monsters, Inc.",/movie/Monsters-Inc#tab=summary,115000000,290149425,560483719,62577067,G,Adventure,3649,92,2001,252.3038478,487.377147
357,26/7/2013,The Wolverine,/movie/Wolverine-The#tab=summary,115000000,132556852,416456852,53113752,PG-13,Action,3924,126,2013,115.2668278,362.136393
358,7/2/1997,Dante’s Peak,/movie/Dantes-Peak-(1997)#tab=summary,115000000,67163857,178200000,18479435,PG-13,Thriller/Suspense,2761,109,1997,58.40335391,154.9565217
359,6/4/2016,The Huntsman: Winter’s War,/movie/Huntsman-Winters-War-The#tab=summary,115000000,48003015,165149302,19445035,PG-13,Action,3802,113,2016,41.74175217,143.6080887
360,14/6/2002,Windtalkers,/movie/Windtalkers#tab=summary,115000000,40914068,77628265,14520412,R,Action,2898,134,2002,35.57745043,67.50283913
361,6/3/2019,Triple Frontier,/movie/Triple-Frontier-(2019)#tab=summary,115000000,0,0,NA,R,Action,NA,125,2019,0,0
362,4/7/2008,Astérix aux Jeux Olympiques,/movie/Asterix-aux-Jeux-Olympiques#tab=summary,113500000,999811,132999811,NA,Unrated,Adventure,NA,NA,2008,0.880890749,117.1804502
363,24/12/2010,Gulliver's Travels,/movie/Gullivers-Travels-(2010)#tab=summary,112000000,42779261,232017848,6307691,PG,Adventure,3089,87,2010,38.19576875,207.1587929
364,8/12/2017,Ferdinand,/movie/Ferdinand#tab=summary,111000000,84410380,288510892,13401586,PG,Adventure,3630,107,2017,76.04538739,259.9197225
365,11/5/2018,Deadpool 2,/movie/Deadpool-2#tab=summary,110000000,324591735,786362370,125507153,R,Action,4349,119,2018,295.0833955,714.8748818
366,3/10/2013,Gravity,/movie/Gravity#tab=summary,110000000,274092705,688214291,55785112,PG-13,Thriller/Suspense,3820,91,2013,249.1751864,625.6493555
367,22/12/2006,Night at the Museum,/movie/Night-at-the-Museum#tab=summary,110000000,250863268,579446407,30433781,PG,Adventure,3768,108,2006,228.0575164,526.7694609
368,30/9/2021,Venom: Let There be Carnage,/movie/Venom-Let-There-be-Carnage#tab=summary,110000000,213550366,501600379,90033210,PG-13,Action,4225,97,2021,194.1366964,456.0003445
369,10/6/2005,Mr. and Mrs. Smith,/movie/Mr-and-Mrs-Smith#tab=summary,110000000,186336279,486124090,50342878,PG-13,Action,3451,120,2005,169.3966173,441.9309909
370,27/5/2015,San Andreas,/movie/San-Andreas#tab=summary,110000000,155190832,456258539,54588173,PG-13,Adventure,3812,114,2015,141.0825745,414.78049
371,29/7/2011,The Smurfs,/movie/Smurfs-The#tab=summary,110000000,142614158,563749323,35611637,PG,Adventure,3427,103,2011,129.6492345,512.4993845
372,27/6/2007,Live Free or Die Hard,/movie/Live-Free-or-Die-Hard#tab=summary,110000000,134529403,382288147,33369559,PG-13,Action,3411,129,2007,122.2994573,347.5346791
373,18/3/2015,The Divergent Series: Insurgent,/movie/Divergent-Series-Insurgent-The#tab=summary,110000000,130179072,295075882,52263680,PG-13,Action,3875,118,2015,118.3446109,268.2508018
374,10/12/2004,Ocean's Twelve,/movie/Oceans-Twelve#tab=summary,110000000,125531634,362989076,39153380,PG-13,Adventure,3290,125,2004,114.1196673,329.9900691
375,19/12/1997,Tomorrow Never Dies,/movie/Tomorrow-Never-Dies#tab=summary,110000000,125304276,339504276,25143007,PG-13,Action,2807,119,1997,113.9129782,308.6402509
376,28/6/2000,The Patriot,/movie/Patriot-The-(2000)#tab=summary,110000000,113330342,215300000,22413710,R,Drama,3061,164,2000,103.0275836,195.7272727
377,7/3/2014,300: Rise of an Empire,/movie/300-Rise-of-an-Empire#tab=summary,110000000,106580051,330780051,45038460,R,Action,3490,102,2014,96.89095545,300.7091373
378,17/12/2004,The Aviator,/movie/Aviator-The-(2004)#tab=summary,110000000,102608827,208370892,858021,PG-13,Drama,2530,170,2004,93.28075182,189.4280836
379,21/12/2016,Passengers,/movie/Passengers-(2015)#tab=summary,110000000,100014699,302239672,14869736,PG-13,Thriller/Suspense,3478,116,2016,90.92245364,274.7633382
380,14/1/2011,The Green Hornet,/movie/Green-Hornet-The#tab=summary,110000000,98780042,229155503,33526876,PG-13,Action,3584,118,2011,89.80003818,208.3231845
381,21/9/2016,Miss Peregrine’s Home for Peculiar Children,/movie/Miss-Peregrines-Home-for-Peculiar-Children#tab=summary,110000000,87242834,295986876,28871140,PG-13,Adventure,3835,126,2016,79.31166727,269.0789782
382,7/10/2011,Real Steel,/movie/Real-Steel#tab=summary,110000000,85463309,263880341,27319677,PG-13,Action,3440,126,2011,77.69391727,239.8912191
383,12/6/2019,Men in Black: International,/movie/Men-in-Black-International-(2019)#tab=summary,110000000,80001807,253020464,30035838,PG-13,Adventure,4224,118,2019,72.72891545,230.0186036
384,11/6/2010,The A-Team,/movie/A-Team-The#tab=summary,110000000,77222099,177241171,25669455,PG-13,Action,3544,118,2010,70.20190818,161.1283373
385,31/7/2013,The Smurfs 2,/movie/Smurfs-2-The#tab=summary,110000000,71017784,348547523,17548389,PG,Adventure,3867,104,2013,64.56162182,316.8613845
386,9/3/2016,The Divergent Series: Allegiant,/movie/Divergent-Series-Allegiant-The#tab=summary,110000000,66184051,172022517,29027348,PG-13,Action,3740,120,2016,60.16731909,156.3841064
387,12/6/2009,The Taking of Pelham 123,/movie/Taking-of-Pelham-123-The#tab=summary,110000000,65452312,152364370,23373102,R,Action,3077,106,2009,59.50210182,138.5130636
388,25/10/2013,Ender's Game,/movie/Enders-Game#tab=summary,110000000,61737191,127983283,27017351,PG-13,Adventure,3407,114,2013,56.12471909,116.3484391
389,2/4/2004,Home on the Range,/movie/Home-on-the-Range#tab=summary,110000000,50026353,76482461,13880771,PG,Adventure,3058,76,2004,45.47850273,69.52951
390,13/6/1997,Speed 2: Cruise Control,/movie/Speed-2-Cruise-Control#tab=summary,110000000,48097081,150468000,16158942,PG-13,Action,2625,125,1997,43.72461909,136.7890909
391,6/5/2005,Kingdom of Heaven,/movie/Kingdom-of-Heaven#tab=summary,110000000,47398413,218674938,19635996,R,Action,3219,148,2005,43.08946636,198.7953982
392,23/3/2017,Ghost in the Shell,/movie/Ghost-in-the-Shell#tab=summary,110000000,40563557,167910690,18676033,PG-13,Action,3440,100,2017,36.87596091,152.6460818
393,16/6/2004,Around the World in 80 Days,/movie/Around-the-World-in-80-Days-(2004)#tab=summary,110000000,24004159,72004159,7576132,PG,Adventure,2801,120,2004,21.82196273,65.45832636
394,21/11/2003,Dr. Seuss’ The Cat in the Hat,/movie/Dr-Seuss-The-Cat-in-the-Hat-(2003)#tab=summary,109000000,101018283,133818283,38329160,PG,Adventure,3467,82,2003,92.67732385,122.769067
395,25/12/2001,Ali,/movie/Ali-(2001)#tab=summary,109000000,58183966,87683966,14710892,R,Drama,2521,158,2001,53.37978532,80.4440055
396,30/9/2015,The Martian,/movie/Martian-The#tab=summary,108000000,228433663,653609107,54308575,PG-13,Thriller/Suspense,3854,130,2015,211.5126509,605.1936176
397,20/11/2016,Allied,/movie/Allied#tab=summary,106000000,40098064,119266661,12701743,R,Drama,3160,124,2016,37.82836226,112.5157179
398,16/7/2004,"I, Robot",/movie/I-Robot#tab=summary,105000000,144801023,348629585,52179887,PG-13,Action,3494,115,2004,137.9057362,332.0281762
399,17/12/1999,Stuart Little,/movie/Stuart-Little#tab=summary,105000000,140015224,298815224,15018223,PG,Adventure,3151,92,1999,133.3478324,284.5859276
400,25/11/2009,The Princess and the Frog,/movie/Princess-and-the-Frog-The#tab=summary,105000000,104400899,270997378,786190,G,Adventure,3475,97,2009,99.42942762,258.092741
401,7/3/2008,"10,000 B.C.",/movie/10-000-B-C#tab=summary,105000000,94784201,269065678,35867488,PG-13,Adventure,3454,109,2008,90.27066762,256.2530267
402,1/7/2016,Ice Age: Collision Course,/movie/Ice-Age-Collision-Course#tab=summary,105000000,64063008,402156682,21373064,PG,Adventure,3997,100,2016,61.01238857,383.0063638
403,7/11/1997,Starship Troopers,/movie/Starship-Troopers#tab=summary,105000000,54768952,121100000,22058773,R,Action,2971,129,1997,52.16090667,115.3333333
404,27/4/2001,Town & Country,/movie/Town-and-Country#tab=summary,105000000,6712451,10364769,3029858,R,Romantic Comedy,2222,NA,2001,6.392810476,9.871208571
405,19/9/2017,Kingsman: The Golden Circle,/movie/Kingsman-The-Golden-Circle#tab=summary,104000000,100234838,408803696,39023010,R,Action,4038,141,2017,96.37965192,393.0804769
406,9/6/2000,Gone in 60 Seconds,/movie/Gone-in-60-Seconds#tab=summary,103300000,101643008,232643008,25336048,PG-13,Action,3089,117,2000,98.39594192,225.2110436
407,4/5/2000,Gladiator,/movie/Gladiator-(2000)#tab=summary,103000000,187683805,456435588,34819017,R,Action,3188,154,2000,182.2172864,443.1413476
408,23/5/2013,The Hangover 3,/movie/Hangover-3-The#tab=summary,103000000,112200072,362000072,41671198,R,Comedy,3565,100,2013,108.9321087,351.4563806
409,9/3/2018,A Wrinkle in Time,/movie/Wrinkle-in-Time-A-(2018)#tab=summary,103000000,100478608,133214549,33123609,PG,Adventure,3980,120,2018,97.5520466,129.3345136
410,1/7/2009,Public Enemies,/movie/Public-Enemies-(2009)#tab=summary,102500000,97104620,212282709,25271675,R,Drama,3336,140,2009,94.73621463,207.105082
411,17/11/2006,Casino Royale,/movie/Casino-Royale-(2006)#tab=summary,102000000,167365000,594420283,40833156,PG-13,Action,3443,144,2006,164.0833333,582.7649833
412,21/6/2002,Minority Report,/movie/Minority-Report#tab=summary,102000000,132024714,358824714,35677125,PG-13,Action,3001,144,2002,129.4359941,351.7889353
413,13/12/2018,Bumblebee,/movie/Bumblebee#tab=summary,102000000,127195589,465195589,21654047,PG-13,Adventure,3597,114,2018,124.7015578,456.0741069
414,26/10/2012,Cloud Atlas,/movie/Cloud-Atlas#tab=summary,102000000,27108272,130673154,9612247,R,Drama,2023,172,2012,26.57673725,128.1109353
415,15/11/2002,Harry Potter and the Chamber of Secrets,/movie/Harry-Potter-and-the-Chamber-of-Secrets#tab=summary,100000000,262233381,875262553,88357488,PG,Adventure,3682,161,2002,262.233381,875.262553
416,2/7/1991,Terminator 2: Judgment Day,/movie/Terminator-2-Judgment-Day#tab=summary,100000000,203464105,515376182,31765506,R,Action,2495,136,1991,203.464105,515.376182
417,16/6/1995,Batman Forever,/movie/Batman-Forever-(1995)#tab=summary,100000000,184031112,336529144,52784433,PG-13,Action,2893,122,1995,184.031112,336.529144
418,27/7/2001,Planet of the Apes,/movie/Planet-of-the-Apes-(2001)#tab=summary,100000000,180011740,362211740,68532960,PG-13,Adventure,3530,120,2001,180.01174,362.21174
419,19/11/2004,National Treasure,/movie/National-Treasure#tab=summary,100000000,173005002,331323410,35142554,PG,Adventure,3243,130,2004,173.005002,331.32341
420,25/12/2012,Django Unchained,/movie/Django-Unchained#tab=summary,100000000,162805434,449841566,30122888,R,Western,3012,165,2012,162.805434,449.841566
421,25/12/2019,1917,/movie/1917-(2019)#tab=summary,100000000,159227644,370603379,576216,R,Thriller/Suspense,3987,119,2019,159.227644,370.603379
422,22/12/2010,Little Fockers,/movie/Little-Fockers#tab=summary,100000000,148438600,310650574,30833665,PG-13,Comedy,3675,98,2010,148.4386,310.650574
423,15/7/1994,True Lies,/movie/True-Lies#tab=summary,100000000,146282411,365300000,25869770,R,Action,2561,141,1994,146.282411,365.3
424,2/11/2007,American Gangster,/movie/American-Gangster-(2007)#tab=summary,100000000,130164645,267985456,43565135,R,Drama,3111,157,2007,130.164645,267.985456
425,18/9/2009,Cloudy with a Chance of Meatballs,/movie/Cloudy-with-a-Chance-of-Meatballs#tab=summary,100000000,124870275,236827677,30304648,PG,Adventure,3119,90,2009,124.870275,236.827677
426,6/8/2010,The Other Guys,/movie/Other-Guys-The-(2010)#tab=summary,100000000,119219978,170936470,35543162,PG-13,Comedy,3651,97,2010,119.219978,170.93647
427,17/12/2004,Lemony Snicket's A Series of Unfortunate Events,/movie/Lemony-Snickets-A-Series-of-Unfortunate-Events#tab=summary,100000000,118627117,212956024,30061756,PG,Adventure,3623,107,2004,118.627117,212.956024
428,25/12/2013,The Wolf of Wall Street,/movie/Wolf-of-Wall-Street-The#tab=summary,100000000,116949183,389918903,18410067,R,Black Comedy,2557,165,2013,116.949183,389.918903
429,24/5/2013,Epic,/movie/Epic#tab=summary,100000000,107518682,262794441,33531068,PG,Adventure,3894,103,2013,107.518682,262.794441
430,21/6/1996,Eraser,/movie/Eraser#tab=summary,100000000,101295562,234400000,24566446,R,Action,2556,114,1996,101.295562,234.4
431,21/6/1996,The Hunchback of Notre Dame,/movie/Hunchback-of-Notre-Dame-The#tab=summary,100000000,100138851,325500000,21037414,G,Adventure,2835,91,1996,100.138851,325.5
432,15/12/2000,The Emperor's New Groove,/movie/Emperors-New-Groove-The#tab=summary,100000000,89630573,169630573,9812302,G,Adventure,2887,78,2000,89.630573,169.630573
433,15/8/2012,The Expendables 2,/movie/Expendables-2-The#tab=summary,100000000,85028192,311979256,28591370,R,Action,3355,103,2012,85.028192,311.979256
434,16/10/2009,Where the Wild Things Are,/movie/Where-the-Wild-Things-Are#tab=summary,100000000,77233467,99123656,32695407,PG,Adventure,3735,100,2009,77.233467,99.123656
435,15/12/2006,Eragon,/movie/Eragon#tab=summary,100000000,75030163,249488115,23239907,PG,Adventure,3030,104,2006,75.030163,249.488115
436,23/7/2014,Hercules,/movie/Hercules-(2014)#tab=summary,100000000,72688614,243388614,29800263,PG-13,Adventure,3595,97,2014,72.688614,243.388614
437,10/12/2010,The Tourist,/movie/Tourist-The#tab=summary,100000000,67631157,278731369,16472458,PG-13,Thriller/Suspense,2756,102,2010,67.631157,278.731369
438,24/11/1999,End of Days,/movie/End-of-Days#tab=summary,100000000,66889043,212026975,20523595,R,Action,2665,120,1999,66.889043,212.026975
439,25/12/2019,Spies in Disguise,/movie/Spies-in-Disguise-(2019)#tab=summary,100000000,66757013,165138481,13354798,PG,Adventure,3502,104,2019,66.757013,165.138481
440,11/6/2004,The Stepford Wives,/movie/Stepford-Wives-The-(2004)#tab=summary,100000000,59475623,96150482,21406781,PG-13,Black Comedy,3057,93,2004,59.475623,96.150482
441,8/6/2007,Surf’s Up,/movie/Surfs-Up-(2007)#tab=summary,100000000,58867694,145395745,17640249,PG,Adventure,3531,85,2007,58.867694,145.395745
442,8/12/2006,Blood Diamond,/movie/Blood-Diamond#tab=summary,100000000,57377916,171377916,8648324,R,Action,1920,143,2006,57.377916,171.377916
443,7/11/2019,Midway,/movie/Midway-(2019)#tab=summary,100000000,56846802,126829063,17897419,PG-13,Action,3242,138,2019,56.846802,126.829063
444,24/9/2010,Legend of the Guardians: The Owls of Ga'Hoole,/movie/Legend-of-the-Guardians-The-Owls-of-GaHoole#tab=summary,100000000,55675313,139716717,16112211,PG,Adventure,3575,90,2010,55.675313,139.716717
445,5/6/2009,Land of the Lost,/movie/Land-of-the-Lost#tab=summary,100000000,49438370,69548641,18837350,PG-13,Comedy,3534,102,2009,49.43837,69.548641
446,18/12/2003,Peter Pan,/movie/Peter-Pan-(2003)#tab=summary,100000000,48417850,95255485,11139495,PG,Adventure,2813,113,2003,48.41785,95.255485
447,15/3/2019,Wonder Park,/movie/Wonder-Park-(2019)#tab=summary,100000000,45216793,115112118,15853646,PG,Adventure,3838,93,2019,45.216793,115.112118
448,23/7/2004,Catwoman,/movie/Catwoman#tab=summary,100000000,40202379,82078046,16728411,PG-13,Action,3117,101,2004,40.202379,82.078046
449,14/8/2014,The Expendables 3,/movie/Expendables-3-The#tab=summary,100000000,39322544,209461378,15879645,PG-13,Action,3221,103,2014,39.322544,209.461378
450,8/12/2021,West Side Story,/movie/West-Side-Story-(2020)#tab=summary,100000000,38530322,75011257,10574618,PG-13,Musical,2820,156,2021,38.530322,75.011257
451,27/11/2002,Treasure Planet,/movie/Treasure-Planet#tab=summary,100000000,38120554,91800000,12083248,PG,Adventure,3227,95,2002,38.120554,91.8
452,22/12/2021,The King’s Man,/movie/Kings-Man-The-(2020)#tab=summary,100000000,37176373,121125300,5915542,R,Action,3180,131,2021,37.176373,121.1253
453,12/3/2010,Green Zone,/movie/Green-Zone#tab=summary,100000000,35497337,97523020,14309295,R,Drama,3004,114,2010,35.497337,97.52302
454,13/10/2017,Geostorm,/movie/Geostorm#tab=summary,100000000,33700160,220796009,13707376,PG-13,Thriller/Suspense,3246,109,2017,33.70016,220.796009
455,2/12/2015,Point Break,/movie/Point-Break-(Remake)#tab=summary,100000000,28782481,126704591,9800252,PG-13,Action,2910,113,2015,28.782481,126.704591
456,17/12/2019,Cats,/movie/Cats-(2019)#tab=summary,100000000,27166770,75558925,6619870,PG,Musical,3380,110,2019,27.16677,75.558925
457,26/11/2015,In the Heart of the Sea,/movie/In-the-Heart-of-the-Sea#tab=summary,100000000,25020758,89693309,11053366,PG-13,Adventure,3103,121,2015,25.020758,89.693309
458,18/4/2014,Transcendence,/movie/Transcendence#tab=summary,100000000,23022309,103039258,10886386,PG-13,Thriller/Suspense,3455,119,2014,23.022309,103.039258
459,18/2/2005,Son of the Mask,/movie/Son-of-the-Mask#tab=summary,100000000,17018422,59918422,7511675,PG,Adventure,2966,94,2005,17.018422,59.918422
460,5/12/2018,Mortal Engines,/movie/Mortal-Engines-(2018)#tab=summary,100000000,15951040,85480271,7559850,PG-13,Action,3103,128,2018,15.95104,85.480271
461,3/2/2021,Chaos Walking,/movie/Chaos-Walking#tab=summary,100000000,13287908,27075660,3775350,PG-13,Action,2132,108,2021,13.287908,27.07566
462,13/10/2021,The Last Duel,/movie/Last-Duel-The#tab=summary,100000000,10853945,30055233,4759151,R,Drama,3065,153,2021,10.853945,30.055233
463,16/8/2002,The Adventures of Pluto Nash,/movie/Adventures-of-Pluto-Nash-The#tab=summary,100000000,4411102,7094995,2182900,PG-13,Comedy,2320,NA,2002,4.411102,7.094995
464,20/1/2012,Jin líng shí san chai,/movie/Jin-ling-shi-san-chai#tab=summary,100000000,311434,98227017,48558,R,Drama,30,141,2012,0.311434,98.227017
465,9/12/2020,The Midnight Sky,/movie/Midnight-Sky-The-(2020)#tab=summary,100000000,0,75615,NA,PG-13,Adventure,NA,118,2020,0,0.075615
466,12/6/2020,Artemis Fowl,/movie/Artemis-Fowl-(2020)#tab=summary,100000000,0,0,NA,PG,Adventure,NA,115,2020,0,0
467,5/11/2015,The Peanuts Movie,/movie/Peanuts-Movie-The#tab=summary,99000000,130178411,250091610,44213073,G,Adventure,3902,89,2015,131.4933444,252.6177879
468,6/2/2019,The LEGO Movie 2: The Second Part,/movie/Lego-Movie-2-The-Second-Part-The-(2019)#tab=summary,99000000,105806508,190131036,34115335,PG,Adventure,4303,107,2019,106.8752606,192.0515515
469,21/11/2018,Robin Hood,/movie/Robin-Hood-(2018)#tab=summary,99000000,30824628,85210012,36063385,PG-13,Action,3505,139,2018,31.13598788,86.07071919
470,4/5/2001,The Mummy Returns,/movie/Mummy-Returns-The#tab=summary,98000000,202007640,435040395,68139035,PG-13,Adventure,3553,129,2001,206.1302449,443.9187704
471,14/11/2019,Ford v. Ferrari,/movie/Ford-v-Ferrari-(2019)#tab=summary,97600000,117624357,224418748,31474958,PG-13,Drama,3746,152,2019,120.5167592,229.9372418
472,20/12/2002,Gangs of New York,/movie/Gangs-of-New-York#tab=summary,97000000,77730500,183124621,9496870,R,Drama,2340,155,2002,80.13453608,188.7882691
473,4/5/2017,Alien: Covenant,/movie/Alien-Covenant#tab=summary,97000000,74262031,238521247,36160621,R,Horror,3772,123,2017,76.55879485,245.8981928
474,6/3/2015,Cinderella,/movie/Cinderella-(2015)#tab=summary,95000000,201151353,542351353,67877361,PG,Drama,3848,105,2015,211.7382663,570.8961611
475,27/6/2012,Ice Age: Continental Drift,/movie/Ice-Age-Continental-Drift#tab=summary,95000000,161321843,879765137,46629259,PG,Adventure,3886,87,2012,169.8124663,926.0685653
476,28/12/2001,Black Hawk Down,/movie/Black-Hawk-Down#tab=summary,95000000,108638745,159691085,179823,R,Action,3143,144,2001,114.3565737,168.0958789
477,27/5/2010,Sex and the City 2,/movie/Sex-and-the-City-2#tab=summary,95000000,95347692,294680778,31001870,R,Comedy,3445,146,2010,100.3659916,310.1902926
478,12/2/2010,Percy Jackson & the Olympians: The Lightning Thief,/movie/Percy-Jackson-and-the-Lightning-Thief#tab=summary,95000000,88768303,223050874,31236067,PG,Adventure,3396,119,2010,93.44031895,234.7903937
479,10/8/2012,The Campaign,/movie/Campaign-The#tab=summary,95000000,86907746,104907746,26588460,R,Comedy,3302,85,2012,91.48183789,110.4292063
480,12/11/2010,Unstoppable,/movie/Unstoppable#tab=summary,95000000,81562942,165720921,22688457,PG-13,Action,3261,98,2010,85.85572842,174.4430747
481,9/5/1997,The Fifth Element,/movie/Fifth-Element-The#tab=summary,95000000,63570862,263893838,17031345,PG-13,Action,2500,126,1997,66.91669684,277.7829874
482,31/3/2000,The Road to El Dorado,/movie/Road-to-El-Dorado-The#tab=summary,95000000,50802661,65700000,12846652,PG,Adventure,3223,89,2000,53.47648526,69.15789474
483,11/12/2009,The Lovely Bones,/movie/Lovely-Bones-The#tab=summary,95000000,44114232,94894448,116616,PG-13,Drama,2638,135,2009,46.43603368,99.88889263
484,30/6/2016,Ben-Hur,/movie/Ben-Hur-(2016)#tab=summary,95000000,26410477,91669648,11203815,PG-13,Adventure,3084,123,2016,27.80050211,96.49436632
485,19/12/2014,Seventh Son,/movie/Seventh-Son#tab=summary,95000000,17725785,108874967,7217640,PG-13,Adventure,2875,102,2014,18.65872105,114.6052284
486,30/5/2003,Finding Nemo,/movie/Finding-Nemo#tab=summary,94000000,380529370,936094852,70251710,G,Adventure,3425,100,2003,404.8184787,995.8455872
487,17/12/2003,The Lord of the Rings: The Return of the King,/movie/Lord-of-the-Rings-The-Return-of-the-King-The#tab=summary,94000000,377845905,1120214046,72629713,PG-13,Adventure,3703,201,2003,401.9637287,1191.71707
488,18/12/2002,The Lord of the Rings: The Two Towers,/movie/Lord-of-the-Rings-The-Two-Towers-The#tab=summary,94000000,342548984,919148764,62007528,PG-13,Adventure,3622,179,2002,364.4138128,977.817834
489,15/6/2001,Lara Croft: Tomb Raider,/movie/Lara-Croft-Tomb-Raider#tab=summary,94000000,131144183,273330185,47735743,PG-13,Adventure,3349,100,2001,139.5150883,290.7767926
490,29/1/2015,Kingsman: The Secret Service,/movie/Kingsman-The-Secret-Service#tab=summary,94000000,128261724,404561724,36206331,R,Action,3282,129,2015,136.4486426,430.3848128
491,19/12/2001,The Lord of the Rings: The Fellowship of the Ring,/movie/Lord-of-the-Rings-The-Fellowship-of-the-Ring-The#tab=summary,93000000,315544750,891216824,47211490,PG-13,Adventure,3381,179,2001,339.2954301,958.2976602
492,18/7/2001,Jurassic Park III,/movie/Jurassic-Park-3#tab=summary,93000000,181166115,365900000,50771645,PG-13,Action,3470,93,2001,194.8022742,393.4408602
493,5/8/2011,Rise of the Planet of the Apes,/movie/Rise-of-the-Planet-of-the-Apes#tab=summary,93000000,176760185,470986200,54806191,PG-13,Adventure,3691,120,2011,190.0647151,506.4367742
494,14/2/2008,The Spiderwick Chronicles,/movie/Spiderwick-Chronicles-The#tab=summary,92500000,71195053,162839667,19004058,PG,Adventure,3847,96,2008,76.96762486,176.0428832
495,22/10/2004,The Incredibles,/movie/Incredibles-The#tab=summary,92000000,261441092,631441092,70467623,PG,Adventure,3933,115,2004,284.1751,686.349013
496,6/2/2013,A Good Day to Die Hard,/movie/Die-Hard-5#tab=summary,92000000,67349198,304249198,24834845,R,Action,3555,98,2013,73.20565,330.70565
497,9/4/2004,The Alamo,/movie/Alamo-The-(2004)#tab=summary,92000000,22406362,23911362,9124701,PG-13,Western,2609,137,2004,24.3547413,25.99061087
498,22/12/1995,Cutthroat Island,/movie/Cutthroat-Island#tab=summary,92000000,10017322,18517322,2371415,PG-13,Adventure,1619,NA,1995,10.88839348,20.12752391
499,19/12/2013,The Secret Life of Walter Mitty,/movie/Secret-Life-of-Walter-Mitty-The-(2012)#tab=summary,91000000,58236838,187861183,12765508,PG,Adventure,2922,114,2013,63.99652527,206.4408604
500,9/3/2023,65,/movie/65-(2022)#tab=summary,91000000,0,0,NA,NA,Thriller/Suspense,NA,NA,2023,0,0
